-- MySQL dump 10.13  Distrib 5.7.29, for Win64 (x86_64)
--
-- Host: localhost    Database: project02
-- ------------------------------------------------------
-- Server version	5.7.29-log

/*!40101 SET @OLD_CHARACTER_SET_CLIENT=@@CHARACTER_SET_CLIENT */;
/*!40101 SET @OLD_CHARACTER_SET_RESULTS=@@CHARACTER_SET_RESULTS */;
/*!40101 SET @OLD_COLLATION_CONNECTION=@@COLLATION_CONNECTION */;
/*!40101 SET NAMES utf8 */;
/*!40103 SET @OLD_TIME_ZONE=@@TIME_ZONE */;
/*!40103 SET TIME_ZONE='+00:00' */;
/*!40014 SET @OLD_UNIQUE_CHECKS=@@UNIQUE_CHECKS, UNIQUE_CHECKS=0 */;
/*!40014 SET @OLD_FOREIGN_KEY_CHECKS=@@FOREIGN_KEY_CHECKS, FOREIGN_KEY_CHECKS=0 */;
/*!40101 SET @OLD_SQL_MODE=@@SQL_MODE, SQL_MODE='NO_AUTO_VALUE_ON_ZERO' */;
/*!40111 SET @OLD_SQL_NOTES=@@SQL_NOTES, SQL_NOTES=0 */;

--
-- Table structure for table `basket`
--

DROP TABLE IF EXISTS `basket`;
/*!40101 SET @saved_cs_client     = @@character_set_client */;
/*!40101 SET character_set_client = utf8 */;
CREATE TABLE `basket` (
  `no` int(11) NOT NULL AUTO_INCREMENT,
  `id` varchar(100) DEFAULT NULL COMMENT '아이디',
  `name` varchar(100) NOT NULL COMMENT '상품명',
  `size` varchar(100) NOT NULL COMMENT '사이즈',
  `count` int(100) NOT NULL COMMENT '수량',
  `price` varchar(100) NOT NULL COMMENT '금액',
  `allprice` varchar(100) NOT NULL COMMENT '총 금액',
  PRIMARY KEY (`no`)
) ENGINE=InnoDB AUTO_INCREMENT=59 DEFAULT CHARSET=utf8;
/*!40101 SET character_set_client = @saved_cs_client */;

--
-- Dumping data for table `basket`
--

LOCK TABLES `basket` WRITE;
/*!40000 ALTER TABLE `basket` DISABLE KEYS */;
INSERT INTO `basket` VALUES (57,'abc','[LG트윈스] 프리미엄 유니폼 (홈)','100',2,'89000','178000');
/*!40000 ALTER TABLE `basket` ENABLE KEYS */;
UNLOCK TABLES;

--
-- Table structure for table `fanpage`
--

DROP TABLE IF EXISTS `fanpage`;
/*!40101 SET @saved_cs_client     = @@character_set_client */;
/*!40101 SET character_set_client = utf8 */;
CREATE TABLE `fanpage` (
  `no` int(11) NOT NULL AUTO_INCREMENT,
  `title` varchar(100) NOT NULL,
  `content` varchar(500) NOT NULL,
  `writer` varchar(20) NOT NULL,
  `date` varchar(20) NOT NULL,
  PRIMARY KEY (`no`)
) ENGINE=InnoDB AUTO_INCREMENT=13 DEFAULT CHARSET=utf8;
/*!40101 SET character_set_client = @saved_cs_client */;

--
-- Dumping data for table `fanpage`
--

LOCK TABLES `fanpage` WRITE;
/*!40000 ALTER TABLE `fanpage` DISABLE KEYS */;
INSERT INTO `fanpage` VALUES (1,'*타팀과의 연습경기!!!','4월말부터는 타팀과도 연습경기 한다고 하네요~<br>첫경기 두산이네요~,~<br>개막전 느낌일듯!!','aa','2020-04-01'),(2,'연습경기 통해서 드러난 전력외 선수들','우선 투수부분을 보면,,,백청훈, 최성훈, 정용운, 이우찬, 한선태, 오석주,,,,이들은 이번 시즌 확실한 눈도장을 받지 못한 듯 합니다.<br><br>4명의 포수진을 갖춘 트윈스는, 김성진의 1루수 전향도 검토하는 것 같습니다.<br><br>내야수에선, 이주형만 선을 뵈지 못하고 있는데,,올시즌은 좀 어렵지 않나 싶기도 합니다.','qq','2020-04-05'),(3,'이러다 고척에서 우승하겠어요.','KBO는 고척스카이돔의 대관을 미리 마쳤다. 추운 날씨에 대비해 고척돔 중립경기로 11월15일 이후 치러지는 포스트시즌 경기를 치르기 위해서다. 준플레이오프를 3전2선승제로 줄이는 방안도 검토됐다.<br><br>잠실에서 우승 헹가래 치는거 보고팠는데 상대가 누구라도 중립경기 형평성을 이겨내야죠.','zz','2020-04-08'),(4,'나는 간절함을 믿는다 -황목치승-','황목치승 선수 책이 있네요.<br><br>매해 초 구입하는 2020 프로야구 책을 알아보다 반가운 이름을 발견했습니다.<br>기대이상으로 재밌어서 앉은자리에서 다 읽었어요.<br><br>황목치승 선수의 그 그림같은 홈 플레이를 기억하는 LG팬이라면 힘든 이시기, 잠시나마 즐거움을 줄수 있으리란 생각에 추천글 올립니다.','nn','2020-04-15'),(5,'안녕하세여','가입했어요~~','gg','2020-04-16'),(6,'신인 최초 사이클링 히트(1994.4.16)','오늘 쌍둥이 역사에는 서용빈이 등장하는군요..<br/>1994시즌 4/16일, 사직구장에서 신인선수 최초로 싸이클링 히트를 기록했습니다. ( 통산 6번째 )<br/><br/>사이클링 히트 기록도 대단하지만,,,,신인데뷔 기록이란 점에 방점을 찍어야겠죠.','gg','2020-04-16'),(7,'안녕하세요','반갑습니다.<br/><br/>두산짱<br/>두산우승<br/>','ll','2020-04-16'),(8,'연습경기 빨리 시작했으면~~','연습경기 빨리 시작했으면 좋겠어요..!!<br/>다들 기다리고 계시죠???','ll','2020-04-16'),(12,'안녕하세요~','ㅎㅇ요','root','2020-04-21');
/*!40000 ALTER TABLE `fanpage` ENABLE KEYS */;
UNLOCK TABLES;

--
-- Table structure for table `game_detail`
--

DROP TABLE IF EXISTS `game_detail`;
/*!40101 SET @saved_cs_client     = @@character_set_client */;
/*!40101 SET character_set_client = utf8 */;
CREATE TABLE `game_detail` (
  `gmkey` varchar(20) DEFAULT NULL,
  `home_team` varchar(20) DEFAULT NULL,
  `home_inning1` varchar(20) DEFAULT NULL,
  `home_inning2` varchar(20) DEFAULT NULL,
  `home_inning3` varchar(20) DEFAULT NULL,
  `home_inning4` varchar(20) DEFAULT NULL,
  `home_inning5` varchar(20) DEFAULT NULL,
  `home_inning6` varchar(20) DEFAULT NULL,
  `home_inning7` varchar(20) DEFAULT NULL,
  `home_inning8` varchar(20) DEFAULT NULL,
  `home_inning9` varchar(20) DEFAULT NULL,
  `home_inning10` varchar(20) DEFAULT NULL,
  `home_inning11` varchar(20) DEFAULT NULL,
  `home_inning12` varchar(20) DEFAULT NULL,
  `visit_team` varchar(20) DEFAULT NULL,
  `visit_inning1` varchar(20) DEFAULT NULL,
  `visit_inning2` varchar(20) DEFAULT NULL,
  `visit_inning3` varchar(20) DEFAULT NULL,
  `visit_inning4` varchar(20) DEFAULT NULL,
  `visit_inning5` varchar(20) DEFAULT NULL,
  `visit_inning6` varchar(20) DEFAULT NULL,
  `visit_inning7` varchar(20) DEFAULT NULL,
  `visit_inning8` varchar(20) DEFAULT NULL,
  `visit_inning9` varchar(20) DEFAULT NULL,
  `visit_inning10` varchar(20) DEFAULT NULL,
  `visit_inning11` varchar(20) DEFAULT NULL,
  `visit_inning12` varchar(20) DEFAULT NULL
) ENGINE=InnoDB DEFAULT CHARSET=utf8;
/*!40101 SET character_set_client = @saved_cs_client */;

--
-- Dumping data for table `game_detail`
--

LOCK TABLES `game_detail` WRITE;
/*!40000 ALTER TABLE `game_detail` DISABLE KEYS */;
INSERT INTO `game_detail` VALUES ('20190312LGWO0','KWH','1','0','0','2','0','0','1','0',NULL,NULL,NULL,NULL,'LGT','0','0','0','0','1','0','0','0','0',NULL,NULL,NULL),('20190313LGWO0','KWH','0','0','2','0','0','0','2','0','0',NULL,NULL,NULL,'LGT','0','0','0','3','2','0','0','2','1',NULL,NULL,NULL),('20190314OBLG0','LGT','0','0','0','0','0','0','1','0','1',NULL,NULL,NULL,'DUB','0','0','4','0','2','0','6','0','1',NULL,NULL,NULL),('20190315OBLG0','LGT','0','2','0','0',NULL,NULL,NULL,NULL,NULL,NULL,NULL,NULL,'DUB','1','0','0','0',NULL,NULL,NULL,NULL,NULL,NULL,NULL,NULL),('20190316LGSS0','SSL','',NULL,NULL,NULL,NULL,NULL,NULL,NULL,NULL,NULL,NULL,NULL,'LGT','',NULL,NULL,NULL,NULL,NULL,NULL,NULL,NULL,NULL,NULL,NULL),('20190317LGSS0','SSL','1','0','0','0','0','3','1','0','0',NULL,NULL,NULL,'LGT','0','1','1','1','0','1','0','2','1',NULL,NULL,NULL),('20190319LGKT0','KTW','',NULL,NULL,NULL,NULL,NULL,NULL,NULL,NULL,NULL,NULL,NULL,'LGT','',NULL,NULL,NULL,NULL,NULL,NULL,NULL,NULL,NULL,NULL,NULL),('20190320LGKT0','KTW','0','0','0','1','0',NULL,NULL,NULL,NULL,NULL,NULL,NULL,'LGT','0','3','0','0','3',NULL,NULL,NULL,NULL,NULL,NULL,NULL),('20190323LGHT0','KAT','0','0','0','0','0','0','0','0','0',NULL,NULL,NULL,'LGT','0','0','0','0','1','0','0','1','0',NULL,NULL,NULL),('20190324LGHT0','KAT','0','0','0','0','0','3','0','0','0',NULL,NULL,NULL,'LGT','3','4','1','0','0','0','1','0','0',NULL,NULL,NULL),('20190326LGSK0','SKW','',NULL,NULL,NULL,NULL,NULL,NULL,NULL,NULL,NULL,NULL,NULL,'LGT','',NULL,NULL,NULL,NULL,NULL,NULL,NULL,NULL,NULL,NULL,NULL),('20190327LGSK0','SKW','0','1','0','0','0','0','0','0','0','0','1',NULL,'LGT','0','0','0','0','0','0','0','1','0','0','0',NULL),('20190328LGSK0','SKW','',NULL,NULL,NULL,NULL,NULL,NULL,NULL,NULL,NULL,NULL,NULL,'LGT','',NULL,NULL,NULL,NULL,NULL,NULL,NULL,NULL,NULL,NULL,NULL),('20190329LTLG0','LGT','0','0','0','0','0','2','0','0',NULL,NULL,NULL,NULL,'LTG','0','0','1','0','0','0','0','0','0',NULL,NULL,NULL),('20190330LTLG0','LGT','0','0','0','0','0','0','0','0','1',NULL,NULL,NULL,'LTG','2','1','0','2','0','2','0','0','0',NULL,NULL,NULL),('20190331LTLG0','LGT','1','0','0','0','0','0','0','1','3','1',NULL,NULL,'LTG','1','1','1','0','1','0','0','0','1','0',NULL,NULL),('20190402LGHH0','HHE','1','5','0','0','0','0','0','0',NULL,NULL,NULL,NULL,'LGT','2','0','0','0','0','0','0','0','0',NULL,NULL,NULL),('20190403LGHH0','HHE','0','0','0','0','0','0','0','0','0',NULL,NULL,NULL,'LGT','0','0','4','0','1','1','0','0','1',NULL,NULL,NULL),('20190404LGHH0','HHE','',NULL,NULL,NULL,NULL,NULL,NULL,NULL,NULL,NULL,NULL,NULL,'LGT','',NULL,NULL,NULL,NULL,NULL,NULL,NULL,NULL,NULL,NULL,NULL),('20190405LGKT0','KTW','',NULL,NULL,NULL,NULL,NULL,NULL,NULL,NULL,NULL,NULL,NULL,'LGT','',NULL,NULL,NULL,NULL,NULL,NULL,NULL,NULL,NULL,NULL,NULL),('20190406LGKT0','KTW','2','0','0','0','0','0','0','0',NULL,NULL,NULL,NULL,'LGT','0','0','0','0','0','0','0','1','0',NULL,NULL,NULL),('20190407LGKT0','KTW','0','0','2','0','2','0','0','0',NULL,NULL,NULL,NULL,'LGT','2','0','1','0','0','0','0','0','0',NULL,NULL,NULL),('20190409SSLG0','LGT','',NULL,NULL,NULL,NULL,NULL,NULL,NULL,NULL,NULL,NULL,NULL,'SSL','',NULL,NULL,NULL,NULL,NULL,NULL,NULL,NULL,NULL,NULL,NULL),('20190410SSLG0','LGT','1','2','1','0','1','0','0','0','0',NULL,NULL,NULL,'SSL','0','0','0','0','0','0','5','1','0',NULL,NULL,NULL),('20190411SSLG0','LGT','0','0','1','0','1','0','3','0',NULL,NULL,NULL,NULL,'SSL','0','0','0','1','1','0','0','0','0',NULL,NULL,NULL),('20190412OBLG0','LGT','1','0','2','0','0','0','0','0',NULL,NULL,NULL,NULL,'DUB','0','0','0','0','0','0','0','0','0',NULL,NULL,NULL),('20190413OBLG0','LGT','0','1','0','0','3','0','0','1',NULL,NULL,NULL,NULL,'DUB','1','1','0','0','0','0','0','0','0',NULL,NULL,NULL),('20190414OBLG0','LGT','0','0','0','0','0','0','0','0','0',NULL,NULL,NULL,'DUB','1','0','0','2','3','2','0','0','0',NULL,NULL,NULL),('20190416LGNC0','NCD','0','0','0','0','0','0','0','2','0','0','0',NULL,'LGT','0','0','0','2','0','0','0','0','0','0','5',NULL),('20190417LGNC0','NCD','0','0','0','0','1','0','0','1','0','0','0','0','LGT','0','0','0','0','0','1','1','0','0','0','0','2'),('20190418LGNC0','NCD','1','0','0','0','0','0','0','0','0',NULL,NULL,NULL,'LGT','0','0','0','1','0','0','0','5','0',NULL,NULL,NULL),('20190419WOLG0','LGT','0','3','0','0','0','0','0','0','0',NULL,NULL,NULL,'KWH','3','5','0','1','0','3','1','0','0',NULL,NULL,NULL),('20190420WOLG0','LGT','0','3','0','0','0','0','0','0','0',NULL,NULL,NULL,'KWH','1','2','0','0','0','0','0','0','4',NULL,NULL,NULL),('20190421WOLG0','LGT','0','0','1','2','0','1','0','1',NULL,NULL,NULL,NULL,'KWH','0','0','1','0','2','0','0','0','0',NULL,NULL,NULL),('20190423HTLG0','LGT','0','0','6','2','0','1','0','0',NULL,NULL,NULL,NULL,'KAT','0','0','0','2','0','0','0','0','0',NULL,NULL,NULL),('20190424HTLG0','LGT','2','4','0','1','2','1','0','0',NULL,NULL,NULL,NULL,'KAT','0','0','0','0','0','0','1','0','2',NULL,NULL,NULL),('20190425HTLG0','LGT','',NULL,NULL,NULL,NULL,NULL,NULL,NULL,NULL,NULL,NULL,NULL,'KAT','',NULL,NULL,NULL,NULL,NULL,NULL,NULL,NULL,NULL,NULL,NULL),('20190426LGSS0','SSL','',NULL,NULL,NULL,NULL,NULL,NULL,NULL,NULL,NULL,NULL,NULL,'LGT','',NULL,NULL,NULL,NULL,NULL,NULL,NULL,NULL,NULL,NULL,NULL),('20190427LGSS0','SSL','0','0','0','0','0','0','0','0','0',NULL,NULL,NULL,'LGT','0','3','0','0','3','0','0','1','1',NULL,NULL,NULL),('20190428LGSS0','SSL','0','0','0','0','0','0','1','0','0',NULL,NULL,NULL,'LGT','0','0','1','0','0','0','0','0','1',NULL,NULL,NULL),('20190430KTLG0','LGT','1','7','0','0','0','0','0','0','0','1','1',NULL,'KTW','1','0','2','0','0','3','2','0','0','1','0',NULL),('20190501KTLG0','LGT','0','0','0','1','2','0','0','0',NULL,NULL,NULL,NULL,'KTW','1','0','0','0','1','0','0','0','0',NULL,NULL,NULL),('20190502KTLG0','LGT','0','0','3','0','1','0','0','1',NULL,NULL,NULL,NULL,'KTW','1','1','1','1','0','0','0','0','0',NULL,NULL,NULL),('20190503LGOB0','DUB','0','1','0','5','0','0','0','1',NULL,NULL,NULL,NULL,'LGT','0','0','0','0','1','1','0','0','0',NULL,NULL,NULL),('20190504LGOB0','DUB','0','1','0','1','0','1','0','0',NULL,NULL,NULL,NULL,'LGT','0','1','0','1','0','0','0','0','0',NULL,NULL,NULL),('20190505LGOB0','DUB','2','1','3','0','0','5','0','0',NULL,NULL,NULL,NULL,'LGT','0','0','0','0','0','0','1','1','0',NULL,NULL,NULL),('20190507LGWO0','KWH','5','0','1','2','2','0','0','0','0',NULL,NULL,NULL,'LGT','1','1','2','2','1','0','2','0','3',NULL,NULL,NULL),('20190508LGWO0','KWH','1','0','0','2','1','0','0','2',NULL,NULL,NULL,NULL,'LGT','0','0','0','0','0','0','0','0','0',NULL,NULL,NULL),('20190509LGWO0','KWH','0','0','0','0','0','0','1','1',NULL,NULL,NULL,NULL,'LGT','0','0','0','0','0','1','0','0','0',NULL,NULL,NULL),('20190510HHLG0','LGT','0','0','0','2','0','0','0','0','0',NULL,NULL,NULL,'HHE','0','0','0','4','1','0','0','0','0',NULL,NULL,NULL),('20190511HHLG0','LGT','0','1','0','1','4','0','0','0',NULL,NULL,NULL,NULL,'HHE','0','0','2','0','0','1','1','0','0',NULL,NULL,NULL),('20190512HHLG0','LGT','0','1','0','1','0','0','0','0',NULL,NULL,NULL,NULL,'HHE','0','0','0','0','0','0','0','0','0',NULL,NULL,NULL),('20190514LGLT0','LTG','0','1','0','3','0','0','0','0',NULL,NULL,NULL,NULL,'LGT','0','0','0','0','0','0','0','0','0',NULL,NULL,NULL),('20190515LGLT0','LTG','0','1','0','1','0','0','1','5',NULL,NULL,NULL,NULL,'LGT','0','0','2','2','0','0','0','0','0',NULL,NULL,NULL),('20190516LGLT0','LTG','0','0','0','0','0','0','0','2','0',NULL,NULL,NULL,'LGT','0','0','0','0','0','0','2','1','0',NULL,NULL,NULL),('20190517NCLG0','LGT','0','1','0','0','0','1','0','0','0',NULL,NULL,NULL,'NCD','4','0','0','0','4','3','0','0','2',NULL,NULL,NULL),('20190518NCLG0','LGT','0','3','0','0','0','0','0','0','0',NULL,NULL,NULL,'NCD','0','2','0','0','1','0','1','5','0',NULL,NULL,NULL),('20190519NCLG0','LGT','',NULL,NULL,NULL,NULL,NULL,NULL,NULL,NULL,NULL,NULL,NULL,'NCD','',NULL,NULL,NULL,NULL,NULL,NULL,NULL,NULL,NULL,NULL,NULL),('20190521SKLG0','LGT','0','2','0','0','0','0','0','0','0',NULL,NULL,NULL,'SKW','0','3','1','0','0','0','0','0','0',NULL,NULL,NULL),('20190522SKLG0','LGT','0','0','0','0','0','0','0','0','0',NULL,NULL,NULL,'SKW','0','0','1','0','0','0','1','0','0',NULL,NULL,NULL),('20190523SKLG0','LGT','0','1','0','0','0','0','0','0','1',NULL,NULL,NULL,'SKW','0','0','1','0','0','0','0','0','0',NULL,NULL,NULL),('20190524LGLT0','LTG','0','2','0','0','1','4','0','1',NULL,NULL,NULL,NULL,'LGT','1','0','4','0','0','0','0','0','0',NULL,NULL,NULL),('20190525LGLT0','LTG','0','5','0','0','0','0','0','0','0',NULL,NULL,NULL,'LGT','0','0','0','0','2','0','0','3','1',NULL,NULL,NULL),('20190526LGLT0','LTG','0','0','0','0','0','0','0','2','0',NULL,NULL,NULL,'LGT','0','0','0','4','0','4','0','3','0',NULL,NULL,NULL),('20190528LGWO0','KWH','0','1','0','0','0','1','3','0',NULL,NULL,NULL,NULL,'LGT','0','0','0','0','0','0','0','0','0',NULL,NULL,NULL),('20190529LGWO0','KWH','0','0','1','0','0','0','0','0','1',NULL,NULL,NULL,'LGT','0','0','0','0','0','4','0','0','0',NULL,NULL,NULL),('20190530LGWO0','KWH','0','0','0','0','2','0','1','0','0',NULL,NULL,NULL,'LGT','1','0','0','0','0','0','2','2','1',NULL,NULL,NULL),('20190531NCLG0','LGT','0','0','0','0','3','0','0','0',NULL,NULL,NULL,NULL,'NCD','1','0','0','0','0','0','1','0','0',NULL,NULL,NULL),('20190601NCLG0','LGT','0','1','3','0','0','0','0','1',NULL,NULL,NULL,NULL,'NCD','0','0','0','0','0','1','0','0','0',NULL,NULL,NULL),('20190602NCLG0','LGT','1','0','0','0','0','0','0','0','0',NULL,NULL,NULL,'NCD','0','2','1','0','1','0','0','0','0',NULL,NULL,NULL),('20190604KTLG0','LGT','0','0','0','6','0','0','2','0',NULL,NULL,NULL,NULL,'KTW','1','0','0','0','1','0','0','0','2',NULL,NULL,NULL),('20190605KTLG0','LGT','0','0','0','0','0','3','4','2',NULL,NULL,NULL,NULL,'KTW','0','0','0','0','1','0','0','1','0',NULL,NULL,NULL),('20190606KTLG0','LGT','2','0','0','0','0','1','0','3','2',NULL,NULL,NULL,'KTW','0','0','0','0','0','2','4','0','1',NULL,NULL,NULL),('20190607LGHH0','HHE','0','0','1','0','0','2','0','0',NULL,NULL,NULL,NULL,'LGT','0','0','0','0','1','0','0','1','0',NULL,NULL,NULL),('20190608LGHH0','HHE','0','0','1','1','0','0','0','0','0',NULL,NULL,NULL,'LGT','0','0','0','0','0','3','0','0','0',NULL,NULL,NULL),('20190609LGHH0','HHE','0','1','0','0','0','0','0','0','0','0','0',NULL,'LGT','0','0','0','0','0','1','0','0','0','0','2',NULL),('20190611LTLG0','LGT','1','0','0','0','0','0','0','0','0','0','0','0','LTG','0','0','0','0','0','0','0','1','0','0','0','0'),('20190612LTLG0','LGT','1','0','2','0','0','0','0','0','0','1',NULL,NULL,'LTG','0','0','0','0','0','0','1','2','0','0',NULL,NULL),('20190613LTLG0','LGT','0','0','0','2','0','1','0','0','0','1',NULL,NULL,'LTG','1','0','0','0','0','2','0','0','0','0',NULL,NULL),('20190614LGOB0','DUB','1','0','0','2','1','3','0','0',NULL,NULL,NULL,NULL,'LGT','0','0','1','0','0','0','0','1','2',NULL,NULL,NULL),('20190615LGOB0','DUB','0','0','1','0','0','0','0','1','1',NULL,NULL,NULL,'LGT','0','0','4','0','0','0','0','0','0',NULL,NULL,NULL),('20190616LGOB0','DUB','0','5','0','0','0','0','0','0',NULL,NULL,NULL,NULL,'LGT','2','1','0','0','0','0','0','0','0',NULL,NULL,NULL),('20190618LGSS0','SSL','0','0','1','2','3','0','6','0',NULL,NULL,NULL,NULL,'LGT','1','1','2','0','0','1','0','0','0',NULL,NULL,NULL),('20190619LGSS0','SSL','0','1','2','0','0','1','1','0','1',NULL,NULL,NULL,'LGT','0','0','1','0','2','2','3','0','1',NULL,NULL,NULL),('20190620LGSS0','SSL','1','0','0','0','2','0','0','0','0',NULL,NULL,NULL,'LGT','1','0','2','1','2','0','2','3','0',NULL,NULL,NULL),('20190621HTLG0','LGT','1','0','0','0','5','1','0','1','1',NULL,NULL,NULL,'KAT','2','0','0','2','1','0','3','0','0',NULL,NULL,NULL),('20190622HTLG0','LGT','0','1','0','0','0','1','0','0','0',NULL,NULL,NULL,'KAT','3','0','0','0','0','0','0','0','0',NULL,NULL,NULL),('20190623HTLG0','LGT','0','0','0','0','0','0','0','0','0',NULL,NULL,NULL,'KAT','0','0','0','0','0','5','1','1','0',NULL,NULL,NULL),('20190625SKLG0','LGT','0','1','0','0','2','0','0','0','0',NULL,NULL,NULL,'SKW','0','0','0','2','4','0','1','0','1',NULL,NULL,NULL),('20190626SKLG0','LGT','3','0','0','0','0','0','1','0','0',NULL,NULL,NULL,'SKW','0','2','1','0','3','1','0','0','0',NULL,NULL,NULL),('20190627SKLG0','LGT','2','1','1','0','0','0','2','0',NULL,NULL,NULL,NULL,'SKW','0','1','3','0','0','0','0','0','0',NULL,NULL,NULL),('20190628LGNC0','NCD','0','0','0','2','0','0','0','0','0',NULL,NULL,NULL,'LGT','1','0','0','0','0','0','2','3','0',NULL,NULL,NULL),('20190629LGNC0','NCD','',NULL,NULL,NULL,NULL,NULL,NULL,NULL,NULL,NULL,NULL,NULL,'LGT','',NULL,NULL,NULL,NULL,NULL,NULL,NULL,NULL,NULL,NULL,NULL),('20190630LGNC0','NCD','1','0','0','3','3','1','0','1',NULL,NULL,NULL,NULL,'LGT','0','0','0','0','0','1','0','0','0',NULL,NULL,NULL),('20190702HHLG0','LGT','1','0','0','6','0','2','0','0',NULL,NULL,NULL,NULL,'HHE','1','0','1','0','0','0','0','0','0',NULL,NULL,NULL),('20190703HHLG0','LGT','0','0','0','2','0','0','0','4',NULL,NULL,NULL,NULL,'HHE','0','0','0','0','0','0','0','0','1',NULL,NULL,NULL),('20190704HHLG0','LGT','0','0','0','0','0','4','0','0',NULL,NULL,NULL,NULL,'HHE','3','0','0','0','0','0','0','0','0',NULL,NULL,NULL),('20190705LGHT0','KAT','0','3','0','2','0','0','0','1',NULL,NULL,NULL,NULL,'LGT','0','0','0','0','1','0','0','0','0',NULL,NULL,NULL),('20190706LGHT0','KAT','0','2','1','1','3','0','0','0',NULL,NULL,NULL,NULL,'LGT','0','0','0','0','0','0','0','0','0',NULL,NULL,NULL),('20190707LGHT0','KAT','0','0','0','0','6','1','2','0','0',NULL,NULL,NULL,'LGT','3','0','1','0','3','0','0','3','0',NULL,NULL,NULL),('20190709OBLG0','LGT','1','1','0','0','0','1','0','0','1',NULL,NULL,NULL,'DUB','0','1','0','0','7','3','0','0','0',NULL,NULL,NULL),('20190710OBLG0','LGT','',NULL,NULL,NULL,NULL,NULL,NULL,NULL,NULL,NULL,NULL,NULL,'DUB','',NULL,NULL,NULL,NULL,NULL,NULL,NULL,NULL,NULL,NULL,NULL),('20190711OBLG0','LGT','0','2','0','1','1','0','0','0','0',NULL,NULL,NULL,'DUB','0','0','4','0','0','0','2','0','2',NULL,NULL,NULL),('20190712SSLG0','LGT','2','0','1','0','0','0','0','0','0',NULL,NULL,NULL,'SSL','0','1','1','0','1','0','1','2','0',NULL,NULL,NULL),('20190713SSLG0','LGT','0','0','2','0','1','0','2','0',NULL,NULL,NULL,NULL,'SSL','2','0','0','0','0','0','0','1','0',NULL,NULL,NULL),('20190714SSLG0','LGT','0','0','1','1','0','0','0','0',NULL,NULL,NULL,NULL,'SSL','0','0','0','0','0','0','0','0','0',NULL,NULL,NULL),('20190716LGSK0','SKW','2','0','1','0','1','1','1','4',NULL,NULL,NULL,NULL,'LGT','1','2','0','0','1','0','0','0','0',NULL,NULL,NULL),('20190717LGSK0','SKW','3','0','2','0','0','0','3','0',NULL,NULL,NULL,NULL,'LGT','0','0','2','0','0','0','0','0','0',NULL,NULL,NULL),('20190718LGSK0','SKW','1','0','0','1','1','0','0','2','0',NULL,NULL,NULL,'LGT','1','6','0','0','0','0','0','5','0',NULL,NULL,NULL),('20190726LGKT0','KTW','',NULL,NULL,NULL,NULL,NULL,NULL,NULL,NULL,NULL,NULL,NULL,'LGT','0',NULL,NULL,NULL,NULL,NULL,NULL,NULL,NULL,NULL,NULL,NULL),('20190727LGKT0','KTW','0','0','0','0','0','0','0','2','0',NULL,NULL,NULL,'LGT','1','0','3','0','0','0','0','1','0',NULL,NULL,NULL),('20190728LGKT0','KTW','0','0','0','0','1','0','0','0','0',NULL,NULL,NULL,'LGT','2','0','0','0','0','2','0','0','6',NULL,NULL,NULL),('20190730WOLG0','LGT','1','0','0','0','0','1','0','0','0',NULL,NULL,NULL,'KWH','3','0','0','0','0','1','0','0','0',NULL,NULL,NULL),('20190731WOLG0','LGT','0','0','0','0','0','0','0','0','0',NULL,NULL,NULL,'KWH','0','0','0','0','0','0','6','1','1',NULL,NULL,NULL),('20190801WOLG0','LGT','1','0','1','0','0','1','5','3',NULL,NULL,NULL,NULL,'KWH','0','1','0','2','2','0','0','0','0',NULL,NULL,NULL),('20190803SSLG0','LGT','2','1','4','0','5','1','0','0',NULL,NULL,NULL,NULL,'SSL','0','7','0','3','0','0','0','0','0',NULL,NULL,NULL),('20190804SSLG0','LGT','0','0','0','1','0','0','0','0','0',NULL,NULL,NULL,'SSL','0','1','0','0','0','1','0','0','0',NULL,NULL,NULL),('20190806LGHT0','KAT','1','1','0','0','0','0','0','0','2',NULL,NULL,NULL,'LGT','2','3','6','0','3','0','0','0','3',NULL,NULL,NULL),('20190807LGHT0','KAT','0','2','0','0','5','0','2','1',NULL,NULL,NULL,NULL,'LGT','4','1','0','0','0','0','0','0','0',NULL,NULL,NULL),('20190808LGNC0','NCD','1','3','3','0','0','0','3','3',NULL,NULL,NULL,NULL,'LGT','0','0','0','0','2','0','0','0','0',NULL,NULL,NULL),('20190809LGNC0','NCD','0','0','0','0','0','1','0','0','1','0',NULL,NULL,'LGT','1','1','0','0','0','0','0','0','0','3',NULL,NULL),('20190810SKLG0','LGT','0','0','0','0','0','0','0','0','0',NULL,NULL,NULL,'SKW','0','0','0','0','1','0','0','1','0',NULL,NULL,NULL),('20190811SKLG0','LGT','0','2','0','1','0','1','0','0',NULL,NULL,NULL,NULL,'SKW','0','2','0','0','0','0','0','1','0',NULL,NULL,NULL),('20190813WOLG0','LGT','0','0','1','0','4','0','2','0','1',NULL,NULL,NULL,'KWH','0','0','0','0','3','0','1','3','0',NULL,NULL,NULL),('20190814WOLG0','LGT','0','0','0','0','0','0','0','0','0',NULL,NULL,NULL,'KWH','1','2','3','4','0','2','0','0','2',NULL,NULL,NULL),('20190815LGOB0','DUB','',NULL,NULL,NULL,NULL,NULL,NULL,NULL,NULL,NULL,NULL,NULL,'LGT','',NULL,NULL,NULL,NULL,NULL,NULL,NULL,NULL,NULL,NULL,NULL),('20190816LGOB0','DUB','3','0','1','0','1','1','1','0',NULL,NULL,NULL,NULL,'LGT','0','0','0','0','1','1','0','0','2',NULL,NULL,NULL),('20190817LGSS0','SSL','2','0','2','0','0','0','0','3',NULL,NULL,NULL,NULL,'LGT','0','1','0','0','0','0','0','0','1',NULL,NULL,NULL),('20190818LGSS0','SSL','0','0','0','0','0','0','0','1','0',NULL,NULL,NULL,'LGT','0','3','1','0','0','2','2','0','0',NULL,NULL,NULL),('20190820HTLG0','LGT','3','4','1','5','0','1','0','1',NULL,NULL,NULL,NULL,'KAT','0','0','0','0','0','0','0','3','0',NULL,NULL,NULL),('20190821HTLG0','LGT','0','2','0','2','0','1','0','1',NULL,NULL,NULL,NULL,'KAT','0','2','1','0','0','0','1','0','0',NULL,NULL,NULL),('20190822NCLG0','LGT','0','0','2','0','0','0','0','0','0',NULL,NULL,NULL,'NCD','0','0','0','0','4','1','0','0','0',NULL,NULL,NULL),('20190823NCLG0','LGT','0','1','1','0','0','2','2','2',NULL,NULL,NULL,NULL,'NCD','0','0','0','0','1','0','0','1','0',NULL,NULL,NULL),('20190824KTLG0','LGT','5','0','1','0','4','2','0','0',NULL,NULL,NULL,NULL,'KTW','3','0','0','0','0','0','0','3','2',NULL,NULL,NULL),('20190825KTLG0','LGT','0','0','1','0','0','2','0','0','0',NULL,NULL,NULL,'KTW','0','0','0','0','2','4','0','1','0',NULL,NULL,NULL),('20190827LGLT0','LTG','0','0','0','0','0','1','0','0','0',NULL,NULL,NULL,'LGT','0','0','0','0','1','1','0','0','0',NULL,NULL,NULL),('20190828LGLT0','LTG','0','0','0','1','2','0','0','0','1',NULL,NULL,NULL,'LGT','0','0','0','0','0','0','2','1','0',NULL,NULL,NULL),('20190829HHLG0','LGT','0','0','0',NULL,NULL,NULL,NULL,NULL,NULL,NULL,NULL,NULL,'HHE','0','0','0',NULL,NULL,NULL,NULL,NULL,NULL,NULL,NULL,NULL),('20190830HHLG0','LGT','0','0','0','0','0','0','0','0','0',NULL,NULL,NULL,'HHE','0','1','0','0','0','0','0','0','0',NULL,NULL,NULL),('20190831LGSK0','SKW','0','0','1','0','1','2','0','0','0',NULL,NULL,NULL,'LGT','1','2','1','1','0','0','0','1','0',NULL,NULL,NULL),('20190901LGSK0','SKW','3','3','0','2','0','0','0','1',NULL,NULL,NULL,NULL,'LGT','0','1','4','1','0','0','0','0','0',NULL,NULL,NULL),('20190903LGKT0','KTW','0','0','0','0','0','0','0','0','0',NULL,NULL,NULL,'LGT','3','1','0','0','0','0','0','1','0',NULL,NULL,NULL),('20190904LGKT0','KTW','',NULL,NULL,NULL,NULL,NULL,NULL,NULL,NULL,NULL,NULL,NULL,'LGT','',NULL,NULL,NULL,NULL,NULL,NULL,NULL,NULL,NULL,NULL,NULL),('20190905LTLG0','LGT','',NULL,NULL,NULL,NULL,NULL,NULL,NULL,NULL,NULL,NULL,NULL,'LTG','',NULL,NULL,NULL,NULL,NULL,NULL,NULL,NULL,NULL,NULL,NULL),('20190906LTLG0','LGT','0','0','2','1','2','0','0','0',NULL,NULL,NULL,NULL,'LTG','0','0','0','0','0','1','0','0','1',NULL,NULL,NULL),('20190907OBLG0','LGT','',NULL,NULL,NULL,NULL,NULL,NULL,NULL,NULL,NULL,NULL,NULL,'DUB','',NULL,NULL,NULL,NULL,NULL,NULL,NULL,NULL,NULL,NULL,NULL),('20190908OBLG0','LGT','0','0','2','0','0','0','0','0',NULL,NULL,NULL,NULL,'DUB','0','0','1','0','0','0','0','0','0',NULL,NULL,NULL),('20190910LGHH0','HHE','0','0','1','0','0','0','1','0','0',NULL,NULL,NULL,'LGT','1','0','2','1','1','0','0','0','0',NULL,NULL,NULL),('20190911LGHH0','HHE','2','4','0','0','0','2','0','1',NULL,NULL,NULL,NULL,'LGT','0','0','0','2','0','1','1','0','1',NULL,NULL,NULL),('20190912LGWO0','KWH','0','1','0','0','1','0','0','0','1',NULL,NULL,NULL,'LGT','0','0','2','0','0','0','0','0','0',NULL,NULL,NULL),('20190913LGWO0','KWH','0','0','0','0','0','0','0','1','0',NULL,NULL,NULL,'LGT','0','0','0','0','0','0','0','0','4',NULL,NULL,NULL),('20190914HTLG0','LGT','3','2','0','2','0','0','0','0',NULL,NULL,NULL,NULL,'KAT','0','0','0','1','1','0','0','0','0',NULL,NULL,NULL),('20190915OBLG0','LGT','0','0','0','2','2','0','4','2',NULL,NULL,NULL,NULL,'DUB','0','0','0','0','3','0','0','1','0',NULL,NULL,NULL),('20190916LGKT0','KTW','0','1','0','0','0','0','0','0','1',NULL,NULL,NULL,'LGT','0','0','0','1','2','1','0','0','0',NULL,NULL,NULL),('20190918LGSS0','SSL','1','0','0','1','0','0','0','0','1',NULL,NULL,NULL,'LGT','0','0','1','0','0','0','2','0','1',NULL,NULL,NULL),('20190919LGNC0','NCD','2','0','0','0','0','0','1','2',NULL,NULL,NULL,NULL,'LGT','3','0','0','0','0','0','0','0','0',NULL,NULL,NULL),('20190922LGOB0','DUB','0','0','0','0','0','0','0','2','1','0',NULL,NULL,'LGT','2','0','0','0','0','0','0','1','0','3',NULL,NULL),('20190923HHLG0','LGT','0','0','0','0','0','0','0','0','1',NULL,NULL,NULL,'HHE','4','0','2','0','0','1','2','0','0',NULL,NULL,NULL),('20190924SSLG0','LGT','0','0','1','0','0','0','0','0','1',NULL,NULL,NULL,'SSL','0','0','1','0','0','0','0','3','0',NULL,NULL,NULL),('20190926LGKT0','KTW','0','1','0','0','0','0','2','0','0',NULL,NULL,NULL,'LGT','0','1','1','0','0','0','2','0','0',NULL,NULL,NULL),('20190927NCLG0','LGT','0','0','0','0','0','0','0','0','0',NULL,NULL,NULL,'NCD','0','2','0','0','0','0','0','1','0',NULL,NULL,NULL),('20190928LGHT0','KAT','0','0','0','2','1','0','4','0',NULL,NULL,NULL,NULL,'LGT','0','0','0','0','1','0','0','0','0',NULL,NULL,NULL),('20190929OBLG0','LGT','0','0','0','0','0','0','0','0','0',NULL,NULL,NULL,'DUB','0','0','0','0','3','0','0','0','0',NULL,NULL,NULL),('20190930LTLG0','LGT','0','1','0','0','0','0','0','1',NULL,NULL,NULL,NULL,'LTG','0','0','0','0','0','0','0','0','0',NULL,NULL,NULL),('44441003NCLG0','LGT','1','0','0','2','0','0','0','0',NULL,NULL,NULL,NULL,'NCD','0','0','0','0','1','0','0','0','0',NULL,NULL,NULL),('33331006LGWO0','KWH','0','0','0','0','0','0','0','0','1',NULL,NULL,NULL,'LGT','0','0','0','0','0','0','0','0','0',NULL,NULL,NULL),('33331007LGWO0','KWH','0','0','0','0','0','1','0','2','1','1',NULL,NULL,'LGT','1','1','1','0','0','0','1','0','0','0',NULL,NULL),('33331009WOLG0','LGT','0','1','0','1','0','0','1','1',NULL,NULL,NULL,NULL,'KWH','1','1','0','0','0','0','0','0','0',NULL,NULL,NULL),('33331010WOLG0','LGT','1','3','0','1','0','0','0','0','0',NULL,NULL,NULL,'KWH','2','0','1','0','0','2','1','4','0',NULL,NULL,NULL),('20200314LGNC0','NCD','',NULL,NULL,NULL,NULL,NULL,NULL,NULL,NULL,NULL,NULL,NULL,'LGT','',NULL,NULL,NULL,NULL,NULL,NULL,NULL,NULL,NULL,NULL,NULL),('20200315LGNC0','NCD','',NULL,NULL,NULL,NULL,NULL,NULL,NULL,NULL,NULL,NULL,NULL,'LGT','',NULL,NULL,NULL,NULL,NULL,NULL,NULL,NULL,NULL,NULL,NULL),('20200316LGHT0','KAT','',NULL,NULL,NULL,NULL,NULL,NULL,NULL,NULL,NULL,NULL,NULL,'LGT','',NULL,NULL,NULL,NULL,NULL,NULL,NULL,NULL,NULL,NULL,NULL),('20200317LGHT0','KAT','',NULL,NULL,NULL,NULL,NULL,NULL,NULL,NULL,NULL,NULL,NULL,'LGT','',NULL,NULL,NULL,NULL,NULL,NULL,NULL,NULL,NULL,NULL,NULL),('20200319LTLG0','LGT','',NULL,NULL,NULL,NULL,NULL,NULL,NULL,NULL,NULL,NULL,NULL,'LTG','',NULL,NULL,NULL,NULL,NULL,NULL,NULL,NULL,NULL,NULL,NULL),('20200320LTLG0','LGT','',NULL,NULL,NULL,NULL,NULL,NULL,NULL,NULL,NULL,NULL,NULL,'LTG','',NULL,NULL,NULL,NULL,NULL,NULL,NULL,NULL,NULL,NULL,NULL),('20200321OBLG0','LGT','',NULL,NULL,NULL,NULL,NULL,NULL,NULL,NULL,NULL,NULL,NULL,'DUB','',NULL,NULL,NULL,NULL,NULL,NULL,NULL,NULL,NULL,NULL,NULL),('20200322LGOB0','DUB','',NULL,NULL,NULL,NULL,NULL,NULL,NULL,NULL,NULL,NULL,NULL,'LGT','',NULL,NULL,NULL,NULL,NULL,NULL,NULL,NULL,NULL,NULL,NULL),('20200323LGSK0','SKW','',NULL,NULL,NULL,NULL,NULL,NULL,NULL,NULL,NULL,NULL,NULL,'LGT','',NULL,NULL,NULL,NULL,NULL,NULL,NULL,NULL,NULL,NULL,NULL),('20200324LGSK0','SKW','',NULL,NULL,NULL,NULL,NULL,NULL,NULL,NULL,NULL,NULL,NULL,'LGT','',NULL,NULL,NULL,NULL,NULL,NULL,NULL,NULL,NULL,NULL,NULL),('20200421SSLG0','LGT','',NULL,NULL,NULL,NULL,NULL,NULL,NULL,NULL,NULL,NULL,NULL,'SSL','',NULL,NULL,NULL,NULL,NULL,NULL,NULL,NULL,NULL,NULL,NULL),('20200422SSLG0','LGT','',NULL,NULL,NULL,NULL,NULL,NULL,NULL,NULL,NULL,NULL,NULL,'SSL','',NULL,NULL,NULL,NULL,NULL,NULL,NULL,NULL,NULL,NULL,NULL),('20200423SSLG0','LGT','',NULL,NULL,NULL,NULL,NULL,NULL,NULL,NULL,NULL,NULL,NULL,'SSL','',NULL,NULL,NULL,NULL,NULL,NULL,NULL,NULL,NULL,NULL,NULL),('20200424NCLG0','LGT','',NULL,NULL,NULL,NULL,NULL,NULL,NULL,NULL,NULL,NULL,NULL,'NCD','',NULL,NULL,NULL,NULL,NULL,NULL,NULL,NULL,NULL,NULL,NULL),('20200425NCLG0','LGT','',NULL,NULL,NULL,NULL,NULL,NULL,NULL,NULL,NULL,NULL,NULL,'NCD','',NULL,NULL,NULL,NULL,NULL,NULL,NULL,NULL,NULL,NULL,NULL),('20200426NCLG0','LGT','',NULL,NULL,NULL,NULL,NULL,NULL,NULL,NULL,NULL,NULL,NULL,'NCD','',NULL,NULL,NULL,NULL,NULL,NULL,NULL,NULL,NULL,NULL,NULL),('20200428LGLT0','LTG','',NULL,NULL,NULL,NULL,NULL,NULL,NULL,NULL,NULL,NULL,NULL,'LGT','',NULL,NULL,NULL,NULL,NULL,NULL,NULL,NULL,NULL,NULL,NULL),('20200429LGLT0','LTG','',NULL,NULL,NULL,NULL,NULL,NULL,NULL,NULL,NULL,NULL,NULL,'LGT','',NULL,NULL,NULL,NULL,NULL,NULL,NULL,NULL,NULL,NULL,NULL),('20200430LGLT0','LTG','',NULL,NULL,NULL,NULL,NULL,NULL,NULL,NULL,NULL,NULL,NULL,'LGT','',NULL,NULL,NULL,NULL,NULL,NULL,NULL,NULL,NULL,NULL,NULL),('20200501HTLG0','LGT','',NULL,NULL,NULL,NULL,NULL,NULL,NULL,NULL,NULL,NULL,NULL,'KAT','',NULL,NULL,NULL,NULL,NULL,NULL,NULL,NULL,NULL,NULL,NULL),('20200502HTLG0','LGT','',NULL,NULL,NULL,NULL,NULL,NULL,NULL,NULL,NULL,NULL,NULL,'KAT','',NULL,NULL,NULL,NULL,NULL,NULL,NULL,NULL,NULL,NULL,NULL),('20200503HTLG0','LGT','',NULL,NULL,NULL,NULL,NULL,NULL,NULL,NULL,NULL,NULL,NULL,'KAT','',NULL,NULL,NULL,NULL,NULL,NULL,NULL,NULL,NULL,NULL,NULL),('20200505OBLG0','LGT','',NULL,NULL,NULL,NULL,NULL,NULL,NULL,NULL,NULL,NULL,NULL,'DUB','',NULL,NULL,NULL,NULL,NULL,NULL,NULL,NULL,NULL,NULL,NULL),('20200506OBLG0','LGT','',NULL,NULL,NULL,NULL,NULL,NULL,NULL,NULL,NULL,NULL,NULL,'DUB','',NULL,NULL,NULL,NULL,NULL,NULL,NULL,NULL,NULL,NULL,NULL),('20200507OBLG0','LGT','',NULL,NULL,NULL,NULL,NULL,NULL,NULL,NULL,NULL,NULL,NULL,'DUB','',NULL,NULL,NULL,NULL,NULL,NULL,NULL,NULL,NULL,NULL,NULL),('20200508LGNC0','NCD','',NULL,NULL,NULL,NULL,NULL,NULL,NULL,NULL,NULL,NULL,NULL,'LGT','',NULL,NULL,NULL,NULL,NULL,NULL,NULL,NULL,NULL,NULL,NULL),('20200509LGNC0','NCD','',NULL,NULL,NULL,NULL,NULL,NULL,NULL,NULL,NULL,NULL,NULL,'LGT','',NULL,NULL,NULL,NULL,NULL,NULL,NULL,NULL,NULL,NULL,NULL),('20200510LGNC0','NCD','',NULL,NULL,NULL,NULL,NULL,NULL,NULL,NULL,NULL,NULL,NULL,'LGT','',NULL,NULL,NULL,NULL,NULL,NULL,NULL,NULL,NULL,NULL,NULL),('20200512SKLG0','LGT','',NULL,NULL,NULL,NULL,NULL,NULL,NULL,NULL,NULL,NULL,NULL,'SKW','',NULL,NULL,NULL,NULL,NULL,NULL,NULL,NULL,NULL,NULL,NULL),('20200513SKLG0','LGT','',NULL,NULL,NULL,NULL,NULL,NULL,NULL,NULL,NULL,NULL,NULL,'SKW','',NULL,NULL,NULL,NULL,NULL,NULL,NULL,NULL,NULL,NULL,NULL),('20200514SKLG0','LGT','',NULL,NULL,NULL,NULL,NULL,NULL,NULL,NULL,NULL,NULL,NULL,'SKW','',NULL,NULL,NULL,NULL,NULL,NULL,NULL,NULL,NULL,NULL,NULL),('20200515WOLG0','LGT','',NULL,NULL,NULL,NULL,NULL,NULL,NULL,NULL,NULL,NULL,NULL,'KWH','',NULL,NULL,NULL,NULL,NULL,NULL,NULL,NULL,NULL,NULL,NULL),('20200516WOLG0','LGT','',NULL,NULL,NULL,NULL,NULL,NULL,NULL,NULL,NULL,NULL,NULL,'KWH','',NULL,NULL,NULL,NULL,NULL,NULL,NULL,NULL,NULL,NULL,NULL),('20200517WOLG0','LGT','',NULL,NULL,NULL,NULL,NULL,NULL,NULL,NULL,NULL,NULL,NULL,'KWH','',NULL,NULL,NULL,NULL,NULL,NULL,NULL,NULL,NULL,NULL,NULL),('20200519LGSS0','SSL','',NULL,NULL,NULL,NULL,NULL,NULL,NULL,NULL,NULL,NULL,NULL,'LGT','',NULL,NULL,NULL,NULL,NULL,NULL,NULL,NULL,NULL,NULL,NULL),('20200520LGSS0','SSL','',NULL,NULL,NULL,NULL,NULL,NULL,NULL,NULL,NULL,NULL,NULL,'LGT','',NULL,NULL,NULL,NULL,NULL,NULL,NULL,NULL,NULL,NULL,NULL),('20200521LGSS0','SSL','',NULL,NULL,NULL,NULL,NULL,NULL,NULL,NULL,NULL,NULL,NULL,'LGT','',NULL,NULL,NULL,NULL,NULL,NULL,NULL,NULL,NULL,NULL,NULL),('20200522KTLG0','LGT','',NULL,NULL,NULL,NULL,NULL,NULL,NULL,NULL,NULL,NULL,NULL,'KTW','',NULL,NULL,NULL,NULL,NULL,NULL,NULL,NULL,NULL,NULL,NULL),('20200523KTLG0','LGT','',NULL,NULL,NULL,NULL,NULL,NULL,NULL,NULL,NULL,NULL,NULL,'KTW','',NULL,NULL,NULL,NULL,NULL,NULL,NULL,NULL,NULL,NULL,NULL),('20200524KTLG0','LGT','',NULL,NULL,NULL,NULL,NULL,NULL,NULL,NULL,NULL,NULL,NULL,'KTW','',NULL,NULL,NULL,NULL,NULL,NULL,NULL,NULL,NULL,NULL,NULL),('20200526LGHH0','HHE','',NULL,NULL,NULL,NULL,NULL,NULL,NULL,NULL,NULL,NULL,NULL,'LGT','',NULL,NULL,NULL,NULL,NULL,NULL,NULL,NULL,NULL,NULL,NULL),('20200527LGHH0','HHE','',NULL,NULL,NULL,NULL,NULL,NULL,NULL,NULL,NULL,NULL,NULL,'LGT','',NULL,NULL,NULL,NULL,NULL,NULL,NULL,NULL,NULL,NULL,NULL),('20200528LGHH0','HHE','',NULL,NULL,NULL,NULL,NULL,NULL,NULL,NULL,NULL,NULL,NULL,'LGT','',NULL,NULL,NULL,NULL,NULL,NULL,NULL,NULL,NULL,NULL,NULL),('20200529LGHT0','KAT','',NULL,NULL,NULL,NULL,NULL,NULL,NULL,NULL,NULL,NULL,NULL,'LGT','',NULL,NULL,NULL,NULL,NULL,NULL,NULL,NULL,NULL,NULL,NULL),('20200530LGHT0','KAT','',NULL,NULL,NULL,NULL,NULL,NULL,NULL,NULL,NULL,NULL,NULL,'LGT','',NULL,NULL,NULL,NULL,NULL,NULL,NULL,NULL,NULL,NULL,NULL),('20200531LGHT0','KAT','',NULL,NULL,NULL,NULL,NULL,NULL,NULL,NULL,NULL,NULL,NULL,'LGT','',NULL,NULL,NULL,NULL,NULL,NULL,NULL,NULL,NULL,NULL,NULL),('20200602SSLG0','LGT','',NULL,NULL,NULL,NULL,NULL,NULL,NULL,NULL,NULL,NULL,NULL,'SSL','',NULL,NULL,NULL,NULL,NULL,NULL,NULL,NULL,NULL,NULL,NULL),('20200603SSLG0','LGT','',NULL,NULL,NULL,NULL,NULL,NULL,NULL,NULL,NULL,NULL,NULL,'SSL','',NULL,NULL,NULL,NULL,NULL,NULL,NULL,NULL,NULL,NULL,NULL),('20200604SSLG0','LGT','',NULL,NULL,NULL,NULL,NULL,NULL,NULL,NULL,NULL,NULL,NULL,'SSL','',NULL,NULL,NULL,NULL,NULL,NULL,NULL,NULL,NULL,NULL,NULL),('20200605LGWO0','KWH','',NULL,NULL,NULL,NULL,NULL,NULL,NULL,NULL,NULL,NULL,NULL,'LGT','',NULL,NULL,NULL,NULL,NULL,NULL,NULL,NULL,NULL,NULL,NULL),('20200606LGWO0','KWH','',NULL,NULL,NULL,NULL,NULL,NULL,NULL,NULL,NULL,NULL,NULL,'LGT','',NULL,NULL,NULL,NULL,NULL,NULL,NULL,NULL,NULL,NULL,NULL),('20200607LGWO0','KWH','',NULL,NULL,NULL,NULL,NULL,NULL,NULL,NULL,NULL,NULL,NULL,'LGT','',NULL,NULL,NULL,NULL,NULL,NULL,NULL,NULL,NULL,NULL,NULL),('20200609SKLG0','LGT','',NULL,NULL,NULL,NULL,NULL,NULL,NULL,NULL,NULL,NULL,NULL,'SKW','',NULL,NULL,NULL,NULL,NULL,NULL,NULL,NULL,NULL,NULL,NULL),('20200610SKLG0','LGT','',NULL,NULL,NULL,NULL,NULL,NULL,NULL,NULL,NULL,NULL,NULL,'SKW','',NULL,NULL,NULL,NULL,NULL,NULL,NULL,NULL,NULL,NULL,NULL),('20200611SKLG0','LGT','',NULL,NULL,NULL,NULL,NULL,NULL,NULL,NULL,NULL,NULL,NULL,'SKW','',NULL,NULL,NULL,NULL,NULL,NULL,NULL,NULL,NULL,NULL,NULL),('20200612LTLG0','LGT','',NULL,NULL,NULL,NULL,NULL,NULL,NULL,NULL,NULL,NULL,NULL,'LTG','',NULL,NULL,NULL,NULL,NULL,NULL,NULL,NULL,NULL,NULL,NULL),('20200613LTLG0','LGT','',NULL,NULL,NULL,NULL,NULL,NULL,NULL,NULL,NULL,NULL,NULL,'LTG','',NULL,NULL,NULL,NULL,NULL,NULL,NULL,NULL,NULL,NULL,NULL),('20200614LTLG0','LGT','',NULL,NULL,NULL,NULL,NULL,NULL,NULL,NULL,NULL,NULL,NULL,'LTG','',NULL,NULL,NULL,NULL,NULL,NULL,NULL,NULL,NULL,NULL,NULL),('20200616LGHH0','HHE','',NULL,NULL,NULL,NULL,NULL,NULL,NULL,NULL,NULL,NULL,NULL,'LGT','',NULL,NULL,NULL,NULL,NULL,NULL,NULL,NULL,NULL,NULL,NULL),('20200617LGHH0','HHE','',NULL,NULL,NULL,NULL,NULL,NULL,NULL,NULL,NULL,NULL,NULL,'LGT','',NULL,NULL,NULL,NULL,NULL,NULL,NULL,NULL,NULL,NULL,NULL),('20200618LGHH0','HHE','',NULL,NULL,NULL,NULL,NULL,NULL,NULL,NULL,NULL,NULL,NULL,'LGT','',NULL,NULL,NULL,NULL,NULL,NULL,NULL,NULL,NULL,NULL,NULL),('20200619OBLG0','LGT','',NULL,NULL,NULL,NULL,NULL,NULL,NULL,NULL,NULL,NULL,NULL,'DUB','',NULL,NULL,NULL,NULL,NULL,NULL,NULL,NULL,NULL,NULL,NULL),('20200620OBLG0','LGT','',NULL,NULL,NULL,NULL,NULL,NULL,NULL,NULL,NULL,NULL,NULL,'DUB','',NULL,NULL,NULL,NULL,NULL,NULL,NULL,NULL,NULL,NULL,NULL),('20200621OBLG0','LGT','',NULL,NULL,NULL,NULL,NULL,NULL,NULL,NULL,NULL,NULL,NULL,'DUB','',NULL,NULL,NULL,NULL,NULL,NULL,NULL,NULL,NULL,NULL,NULL),('20200623WOLG0','LGT','',NULL,NULL,NULL,NULL,NULL,NULL,NULL,NULL,NULL,NULL,NULL,'KWH','',NULL,NULL,NULL,NULL,NULL,NULL,NULL,NULL,NULL,NULL,NULL),('20200624WOLG0','LGT','',NULL,NULL,NULL,NULL,NULL,NULL,NULL,NULL,NULL,NULL,NULL,'KWH','',NULL,NULL,NULL,NULL,NULL,NULL,NULL,NULL,NULL,NULL,NULL),('20200625WOLG0','LGT','',NULL,NULL,NULL,NULL,NULL,NULL,NULL,NULL,NULL,NULL,NULL,'KWH','',NULL,NULL,NULL,NULL,NULL,NULL,NULL,NULL,NULL,NULL,NULL),('20200626LGSK0','SKW','',NULL,NULL,NULL,NULL,NULL,NULL,NULL,NULL,NULL,NULL,NULL,'LGT','',NULL,NULL,NULL,NULL,NULL,NULL,NULL,NULL,NULL,NULL,NULL),('20200627LGSK0','SKW','',NULL,NULL,NULL,NULL,NULL,NULL,NULL,NULL,NULL,NULL,NULL,'LGT','',NULL,NULL,NULL,NULL,NULL,NULL,NULL,NULL,NULL,NULL,NULL),('20200628LGSK0','SKW','',NULL,NULL,NULL,NULL,NULL,NULL,NULL,NULL,NULL,NULL,NULL,'LGT','',NULL,NULL,NULL,NULL,NULL,NULL,NULL,NULL,NULL,NULL,NULL),('20200630KTLG0','LGT','',NULL,NULL,NULL,NULL,NULL,NULL,NULL,NULL,NULL,NULL,NULL,'KTW','',NULL,NULL,NULL,NULL,NULL,NULL,NULL,NULL,NULL,NULL,NULL),('20200701KTLG0','LGT','',NULL,NULL,NULL,NULL,NULL,NULL,NULL,NULL,NULL,NULL,NULL,'KTW','',NULL,NULL,NULL,NULL,NULL,NULL,NULL,NULL,NULL,NULL,NULL),('20200702KTLG0','LGT','',NULL,NULL,NULL,NULL,NULL,NULL,NULL,NULL,NULL,NULL,NULL,'KTW','',NULL,NULL,NULL,NULL,NULL,NULL,NULL,NULL,NULL,NULL,NULL),('20200703LGSS0','SSL','',NULL,NULL,NULL,NULL,NULL,NULL,NULL,NULL,NULL,NULL,NULL,'LGT','',NULL,NULL,NULL,NULL,NULL,NULL,NULL,NULL,NULL,NULL,NULL),('20200704LGSS0','SSL','',NULL,NULL,NULL,NULL,NULL,NULL,NULL,NULL,NULL,NULL,NULL,'LGT','',NULL,NULL,NULL,NULL,NULL,NULL,NULL,NULL,NULL,NULL,NULL),('20200705LGSS0','SSL','',NULL,NULL,NULL,NULL,NULL,NULL,NULL,NULL,NULL,NULL,NULL,'LGT','',NULL,NULL,NULL,NULL,NULL,NULL,NULL,NULL,NULL,NULL,NULL),('20200707LGOB0','DUB','',NULL,NULL,NULL,NULL,NULL,NULL,NULL,NULL,NULL,NULL,NULL,'LGT','',NULL,NULL,NULL,NULL,NULL,NULL,NULL,NULL,NULL,NULL,NULL),('20200708LGOB0','DUB','',NULL,NULL,NULL,NULL,NULL,NULL,NULL,NULL,NULL,NULL,NULL,'LGT','',NULL,NULL,NULL,NULL,NULL,NULL,NULL,NULL,NULL,NULL,NULL),('20200709LGOB0','DUB','',NULL,NULL,NULL,NULL,NULL,NULL,NULL,NULL,NULL,NULL,NULL,'LGT','',NULL,NULL,NULL,NULL,NULL,NULL,NULL,NULL,NULL,NULL,NULL),('20200710NCLG0','LGT','',NULL,NULL,NULL,NULL,NULL,NULL,NULL,NULL,NULL,NULL,NULL,'NCD','',NULL,NULL,NULL,NULL,NULL,NULL,NULL,NULL,NULL,NULL,NULL),('20200711NCLG0','LGT','',NULL,NULL,NULL,NULL,NULL,NULL,NULL,NULL,NULL,NULL,NULL,'NCD','',NULL,NULL,NULL,NULL,NULL,NULL,NULL,NULL,NULL,NULL,NULL),('20200712NCLG0','LGT','',NULL,NULL,NULL,NULL,NULL,NULL,NULL,NULL,NULL,NULL,NULL,'NCD','',NULL,NULL,NULL,NULL,NULL,NULL,NULL,NULL,NULL,NULL,NULL),('20200714LGLT0','LTG','',NULL,NULL,NULL,NULL,NULL,NULL,NULL,NULL,NULL,NULL,NULL,'LGT','',NULL,NULL,NULL,NULL,NULL,NULL,NULL,NULL,NULL,NULL,NULL),('20200715LGLT0','LTG','',NULL,NULL,NULL,NULL,NULL,NULL,NULL,NULL,NULL,NULL,NULL,'LGT','',NULL,NULL,NULL,NULL,NULL,NULL,NULL,NULL,NULL,NULL,NULL),('20200716LGLT0','LTG','',NULL,NULL,NULL,NULL,NULL,NULL,NULL,NULL,NULL,NULL,NULL,'LGT','',NULL,NULL,NULL,NULL,NULL,NULL,NULL,NULL,NULL,NULL,NULL),('20200717HHLG0','LGT','',NULL,NULL,NULL,NULL,NULL,NULL,NULL,NULL,NULL,NULL,NULL,'HHE','',NULL,NULL,NULL,NULL,NULL,NULL,NULL,NULL,NULL,NULL,NULL),('20200718HHLG0','LGT','',NULL,NULL,NULL,NULL,NULL,NULL,NULL,NULL,NULL,NULL,NULL,'HHE','',NULL,NULL,NULL,NULL,NULL,NULL,NULL,NULL,NULL,NULL,NULL),('20200719HHLG0','LGT','',NULL,NULL,NULL,NULL,NULL,NULL,NULL,NULL,NULL,NULL,NULL,'HHE','',NULL,NULL,NULL,NULL,NULL,NULL,NULL,NULL,NULL,NULL,NULL),('20200721LGKT0','KTW','',NULL,NULL,NULL,NULL,NULL,NULL,NULL,NULL,NULL,NULL,NULL,'LGT','',NULL,NULL,NULL,NULL,NULL,NULL,NULL,NULL,NULL,NULL,NULL),('20200722LGKT0','KTW','',NULL,NULL,NULL,NULL,NULL,NULL,NULL,NULL,NULL,NULL,NULL,'LGT','',NULL,NULL,NULL,NULL,NULL,NULL,NULL,NULL,NULL,NULL,NULL),('20200723LGKT0','KTW','',NULL,NULL,NULL,NULL,NULL,NULL,NULL,NULL,NULL,NULL,NULL,'LGT','',NULL,NULL,NULL,NULL,NULL,NULL,NULL,NULL,NULL,NULL,NULL),('20200811HTLG0','LGT','',NULL,NULL,NULL,NULL,NULL,NULL,NULL,NULL,NULL,NULL,NULL,'KAT','',NULL,NULL,NULL,NULL,NULL,NULL,NULL,NULL,NULL,NULL,NULL),('20200812HTLG0','LGT','',NULL,NULL,NULL,NULL,NULL,NULL,NULL,NULL,NULL,NULL,NULL,'KAT','',NULL,NULL,NULL,NULL,NULL,NULL,NULL,NULL,NULL,NULL,NULL),('20200813HTLG0','LGT','',NULL,NULL,NULL,NULL,NULL,NULL,NULL,NULL,NULL,NULL,NULL,'KAT','',NULL,NULL,NULL,NULL,NULL,NULL,NULL,NULL,NULL,NULL,NULL),('20200814LGNC0','NCD','',NULL,NULL,NULL,NULL,NULL,NULL,NULL,NULL,NULL,NULL,NULL,'LGT','',NULL,NULL,NULL,NULL,NULL,NULL,NULL,NULL,NULL,NULL,NULL),('20200815LGNC0','NCD','',NULL,NULL,NULL,NULL,NULL,NULL,NULL,NULL,NULL,NULL,NULL,'LGT','',NULL,NULL,NULL,NULL,NULL,NULL,NULL,NULL,NULL,NULL,NULL),('20200816LGNC0','NCD','',NULL,NULL,NULL,NULL,NULL,NULL,NULL,NULL,NULL,NULL,NULL,'LGT','',NULL,NULL,NULL,NULL,NULL,NULL,NULL,NULL,NULL,NULL,NULL),('20200819LGWO0','KWH','',NULL,NULL,NULL,NULL,NULL,NULL,NULL,NULL,NULL,NULL,NULL,'LGT','',NULL,NULL,NULL,NULL,NULL,NULL,NULL,NULL,NULL,NULL,NULL),('20200820LGWO0','KWH','',NULL,NULL,NULL,NULL,NULL,NULL,NULL,NULL,NULL,NULL,NULL,'LGT','',NULL,NULL,NULL,NULL,NULL,NULL,NULL,NULL,NULL,NULL,NULL),('20200821LGWO0','KWH','',NULL,NULL,NULL,NULL,NULL,NULL,NULL,NULL,NULL,NULL,NULL,'LGT','',NULL,NULL,NULL,NULL,NULL,NULL,NULL,NULL,NULL,NULL,NULL),('20200822HHLG0','LGT','',NULL,NULL,NULL,NULL,NULL,NULL,NULL,NULL,NULL,NULL,NULL,'HHE','',NULL,NULL,NULL,NULL,NULL,NULL,NULL,NULL,NULL,NULL,NULL),('20200823HHLG0','LGT','',NULL,NULL,NULL,NULL,NULL,NULL,NULL,NULL,NULL,NULL,NULL,'HHE','',NULL,NULL,NULL,NULL,NULL,NULL,NULL,NULL,NULL,NULL,NULL),('20200825LGSS0','SSL','',NULL,NULL,NULL,NULL,NULL,NULL,NULL,NULL,NULL,NULL,NULL,'LGT','',NULL,NULL,NULL,NULL,NULL,NULL,NULL,NULL,NULL,NULL,NULL),('20200826LGSS0','SSL','',NULL,NULL,NULL,NULL,NULL,NULL,NULL,NULL,NULL,NULL,NULL,'LGT','',NULL,NULL,NULL,NULL,NULL,NULL,NULL,NULL,NULL,NULL,NULL),('20200827KTLG0','LGT','',NULL,NULL,NULL,NULL,NULL,NULL,NULL,NULL,NULL,NULL,NULL,'KTW','',NULL,NULL,NULL,NULL,NULL,NULL,NULL,NULL,NULL,NULL,NULL),('20200828KTLG0','LGT','',NULL,NULL,NULL,NULL,NULL,NULL,NULL,NULL,NULL,NULL,NULL,'KTW','',NULL,NULL,NULL,NULL,NULL,NULL,NULL,NULL,NULL,NULL,NULL),('20200829OBLG0','LGT','',NULL,NULL,NULL,NULL,NULL,NULL,NULL,NULL,NULL,NULL,NULL,'DUB','',NULL,NULL,NULL,NULL,NULL,NULL,NULL,NULL,NULL,NULL,NULL),('20200830OBLG0','LGT','',NULL,NULL,NULL,NULL,NULL,NULL,NULL,NULL,NULL,NULL,NULL,'DUB','',NULL,NULL,NULL,NULL,NULL,NULL,NULL,NULL,NULL,NULL,NULL),('20200901LGSK0','SKW','',NULL,NULL,NULL,NULL,NULL,NULL,NULL,NULL,NULL,NULL,NULL,'LGT','',NULL,NULL,NULL,NULL,NULL,NULL,NULL,NULL,NULL,NULL,NULL),('20200902LGSK0','SKW','',NULL,NULL,NULL,NULL,NULL,NULL,NULL,NULL,NULL,NULL,NULL,'LGT','',NULL,NULL,NULL,NULL,NULL,NULL,NULL,NULL,NULL,NULL,NULL),('20200903NCLG0','LGT','',NULL,NULL,NULL,NULL,NULL,NULL,NULL,NULL,NULL,NULL,NULL,'NCD','',NULL,NULL,NULL,NULL,NULL,NULL,NULL,NULL,NULL,NULL,NULL),('20200904NCLG0','LGT','',NULL,NULL,NULL,NULL,NULL,NULL,NULL,NULL,NULL,NULL,NULL,'NCD','',NULL,NULL,NULL,NULL,NULL,NULL,NULL,NULL,NULL,NULL,NULL),('20200905LGLT0','LTG','',NULL,NULL,NULL,NULL,NULL,NULL,NULL,NULL,NULL,NULL,NULL,'LGT','',NULL,NULL,NULL,NULL,NULL,NULL,NULL,NULL,NULL,NULL,NULL),('20200906LGLT0','LTG','',NULL,NULL,NULL,NULL,NULL,NULL,NULL,NULL,NULL,NULL,NULL,'LGT','',NULL,NULL,NULL,NULL,NULL,NULL,NULL,NULL,NULL,NULL,NULL),('20200908LGHT0','KAT','',NULL,NULL,NULL,NULL,NULL,NULL,NULL,NULL,NULL,NULL,NULL,'LGT','',NULL,NULL,NULL,NULL,NULL,NULL,NULL,NULL,NULL,NULL,NULL),('20200909LGHT0','KAT','',NULL,NULL,NULL,NULL,NULL,NULL,NULL,NULL,NULL,NULL,NULL,'LGT','',NULL,NULL,NULL,NULL,NULL,NULL,NULL,NULL,NULL,NULL,NULL),('20200910WOLG0','LGT','',NULL,NULL,NULL,NULL,NULL,NULL,NULL,NULL,NULL,NULL,NULL,'KWH','',NULL,NULL,NULL,NULL,NULL,NULL,NULL,NULL,NULL,NULL,NULL),('20200911WOLG0','LGT','',NULL,NULL,NULL,NULL,NULL,NULL,NULL,NULL,NULL,NULL,NULL,'KWH','',NULL,NULL,NULL,NULL,NULL,NULL,NULL,NULL,NULL,NULL,NULL),('20200912SSLG0','LGT','',NULL,NULL,NULL,NULL,NULL,NULL,NULL,NULL,NULL,NULL,NULL,'SSL','',NULL,NULL,NULL,NULL,NULL,NULL,NULL,NULL,NULL,NULL,NULL),('20200913SSLG0','LGT','',NULL,NULL,NULL,NULL,NULL,NULL,NULL,NULL,NULL,NULL,NULL,'SSL','',NULL,NULL,NULL,NULL,NULL,NULL,NULL,NULL,NULL,NULL,NULL),('20200915LGHH0','HHE','',NULL,NULL,NULL,NULL,NULL,NULL,NULL,NULL,NULL,NULL,NULL,'LGT','',NULL,NULL,NULL,NULL,NULL,NULL,NULL,NULL,NULL,NULL,NULL),('20200916LGHH0','HHE','',NULL,NULL,NULL,NULL,NULL,NULL,NULL,NULL,NULL,NULL,NULL,'LGT','',NULL,NULL,NULL,NULL,NULL,NULL,NULL,NULL,NULL,NULL,NULL),('20200917LTLG0','LGT','',NULL,NULL,NULL,NULL,NULL,NULL,NULL,NULL,NULL,NULL,NULL,'LTG','',NULL,NULL,NULL,NULL,NULL,NULL,NULL,NULL,NULL,NULL,NULL),('20200918LTLG0','LGT','',NULL,NULL,NULL,NULL,NULL,NULL,NULL,NULL,NULL,NULL,NULL,'LTG','',NULL,NULL,NULL,NULL,NULL,NULL,NULL,NULL,NULL,NULL,NULL),('20200919LGOB0','DUB','',NULL,NULL,NULL,NULL,NULL,NULL,NULL,NULL,NULL,NULL,NULL,'LGT','',NULL,NULL,NULL,NULL,NULL,NULL,NULL,NULL,NULL,NULL,NULL),('20200920LGOB0','DUB','',NULL,NULL,NULL,NULL,NULL,NULL,NULL,NULL,NULL,NULL,NULL,'LGT','',NULL,NULL,NULL,NULL,NULL,NULL,NULL,NULL,NULL,NULL,NULL),('20200922SKLG0','LGT','',NULL,NULL,NULL,NULL,NULL,NULL,NULL,NULL,NULL,NULL,NULL,'SKW','',NULL,NULL,NULL,NULL,NULL,NULL,NULL,NULL,NULL,NULL,NULL),('20200923SKLG0','LGT','',NULL,NULL,NULL,NULL,NULL,NULL,NULL,NULL,NULL,NULL,NULL,'SKW','',NULL,NULL,NULL,NULL,NULL,NULL,NULL,NULL,NULL,NULL,NULL),('20200924LGNC0','NCD','',NULL,NULL,NULL,NULL,NULL,NULL,NULL,NULL,NULL,NULL,NULL,'LGT','',NULL,NULL,NULL,NULL,NULL,NULL,NULL,NULL,NULL,NULL,NULL),('20200925LGNC0','NCD','',NULL,NULL,NULL,NULL,NULL,NULL,NULL,NULL,NULL,NULL,NULL,'LGT','',NULL,NULL,NULL,NULL,NULL,NULL,NULL,NULL,NULL,NULL,NULL),('20200926LGKT0','KTW','',NULL,NULL,NULL,NULL,NULL,NULL,NULL,NULL,NULL,NULL,NULL,'LGT','',NULL,NULL,NULL,NULL,NULL,NULL,NULL,NULL,NULL,NULL,NULL),('20200927LGKT0','KTW','',NULL,NULL,NULL,NULL,NULL,NULL,NULL,NULL,NULL,NULL,NULL,'LGT','',NULL,NULL,NULL,NULL,NULL,NULL,NULL,NULL,NULL,NULL,NULL),('20200929HTLG0','LGT','',NULL,NULL,NULL,NULL,NULL,NULL,NULL,NULL,NULL,NULL,NULL,'KAT','',NULL,NULL,NULL,NULL,NULL,NULL,NULL,NULL,NULL,NULL,NULL),('20200930HTLG0','LGT','',NULL,NULL,NULL,NULL,NULL,NULL,NULL,NULL,NULL,NULL,NULL,'KAT','',NULL,NULL,NULL,NULL,NULL,NULL,NULL,NULL,NULL,NULL,NULL);
/*!40000 ALTER TABLE `game_detail` ENABLE KEYS */;
UNLOCK TABLES;

--
-- Table structure for table `game_info`
--

DROP TABLE IF EXISTS `game_info`;
/*!40101 SET @saved_cs_client     = @@character_set_client */;
/*!40101 SET character_set_client = utf8 */;
CREATE TABLE `game_info` (
  `gmkey` varchar(20) NOT NULL,
  `gyear` varchar(20) NOT NULL,
  `gmonth` varchar(20) NOT NULL,
  `date` varchar(20) NOT NULL,
  `day` varchar(20) NOT NULL,
  `stadium` varchar(20) NOT NULL,
  `gtime` varchar(20) NOT NULL,
  `home_team` varchar(20) NOT NULL,
  `home_score` varchar(20) DEFAULT NULL,
  `visit_team` varchar(20) NOT NULL,
  `visit_score` varchar(20) DEFAULT NULL,
  `result` varchar(20) DEFAULT NULL,
  `weather` varchar(20) DEFAULT NULL
) ENGINE=InnoDB DEFAULT CHARSET=utf8;
/*!40101 SET character_set_client = @saved_cs_client */;

--
-- Dumping data for table `game_info`
--

LOCK TABLES `game_info` WRITE;
/*!40000 ALTER TABLE `game_info` DISABLE KEYS */;
INSERT INTO `game_info` VALUES ('20190312LGWO0','2019','03','12','화','고척','13:00','WO','4','LG','1','패',NULL),('20190313LGWO0','2019','03','13','수','고척','13:00','WO','4','LG','8','승',NULL),('20190314OBLG0','2019','03','14','목','이천(LG)','13:00','LG','2','OB','13','패',NULL),('20190315OBLG0','2019','03','15','금','이천(LG)','13:00','LG','2','OB','1','승',NULL),('20190316LGSS0','2019','03','16','토','대구','13:00','SS','4','LG','7','승',NULL),('20190317LGSS0','2019','03','17','일','대구','13:00','SS','5','LG','7','승',NULL),('20190319LGKT0','2019','03','19','화','수원','18:00','KT','3','LG','3','무승부',NULL),('20190320LGKT0','2019','03','20','수','수원','13:00','KT','1','LG','6','승',NULL),('20190323LGHT0','2019','03','23','토','광주','14:00','HT','0','LG','2','승',NULL),('20190324LGHT0','2019','03','24','일','광주','14:00','HT','3','LG','9','승',NULL),('20190326LGSK0','2019','03','26','화','문학','18:30','SK','3','LG','6','승',NULL),('20190327LGSK0','2019','03','27','수','문학','18:30','SK','2','LG','1','패',NULL),('20190328LGSK0','2019','03','28','목','문학','18:30','SK','3','LG','1','패',NULL),('20190329LTLG0','2019','03','29','금','잠실','18:30','LG','2','LT','1','승',NULL),('20190330LTLG0','2019','03','30','토','잠실','17:00','LG','1','LT','7','패',NULL),('20190331LTLG0','2019','03','31','일','잠실','14:00','LG','6','LT','5','승',NULL),('20190402LGHH0','2019','04','02','화','대전','18:30','HH','6','LG','2','패',NULL),('20190403LGHH0','2019','04','03','수','대전','18:30','HH','0','LG','7','승',NULL),('20190404LGHH0','2019','04','04','목','대전','18:30','HH','2','LG','1','패',NULL),('20190405LGKT0','2019','04','05','금','수원','18:30','KT','0','LG','13','승',NULL),('20190406LGKT0','2019','04','06','토','수원','17:00','KT','2','LG','1','패',NULL),('20190407LGKT0','2019','04','07','일','수원','14:00','KT','4','LG','3','패',NULL),('20190409SSLG0','2019','04','09','화','잠실','18:30','LG',NULL,'SS',NULL,NULL,NULL),('20190410SSLG0','2019','04','10','수','잠실','18:30','LG','5','SS','6','패',NULL),('20190411SSLG0','2019','04','11','목','잠실','18:30','LG','5','SS','2','승',NULL),('20190412OBLG0','2019','04','12','금','잠실','18:30','LG','3','OB','0','승',NULL),('20190413OBLG0','2019','04','13','토','잠실','17:00','LG','5','OB','2','승',NULL),('20190414OBLG0','2019','04','14','일','잠실','14:00','LG','0','OB','8','패',NULL),('20190416LGNC0','2019','04','16','화','창원','18:30','NC','2','LG','7','승',NULL),('20190417LGNC0','2019','04','17','수','창원','18:30','NC','2','LG','4','승',NULL),('20190418LGNC0','2019','04','18','목','창원','18:30','NC','1','LG','6','승',NULL),('20190419WOLG0','2019','04','19','금','잠실','18:30','LG','3','WO','13','패',NULL),('20190420WOLG0','2019','04','20','토','잠실','17:00','LG','3','WO','7','패',NULL),('20190421WOLG0','2019','04','21','일','잠실','14:00','LG','5','WO','3','승',NULL),('20190423HTLG0','2019','04','23','화','잠실','18:30','LG','9','HT','2','승',NULL),('20190424HTLG0','2019','04','24','수','잠실','18:30','LG','10','HT','3','승',NULL),('20190425HTLG0','2019','04','25','목','잠실','18:30','LG',NULL,'HT',NULL,NULL,NULL),('20190426LGSS0','2019','04','26','금','대구','18:30','SS',NULL,'LG',NULL,NULL,NULL),('20190427LGSS0','2019','04','27','토','대구','17:00','SS','0','LG','8','승',NULL),('20190428LGSS0','2019','04','28','일','대구','14:00','SS','1','LG','2','승',NULL),('20190430KTLG0','2019','04','30','화','잠실','18:30','LG','10','KT','9','승',NULL),('20190501KTLG0','2019','05','01','수','잠실','18:30','LG','3','KT','2','승',NULL),('20190502KTLG0','2019','05','02','목','잠실','18:30','LG','5','KT','4','승',NULL),('20190503LGOB0','2019','05','03','금','잠실','18:30','OB','7','LG','2','패',NULL),('20190504LGOB0','2019','05','04','토','잠실','14:00','OB','3','LG','2','패',NULL),('20190505LGOB0','2019','05','05','일','잠실','14:00','OB','11','LG','2','패',NULL),('20190507LGWO0','2019','05','07','화','고척','18:30','WO','10','LG','12','승',NULL),('20190508LGWO0','2019','05','08','수','고척','18:30','WO','6','LG','0','패',NULL),('20190509LGWO0','2019','05','09','목','고척','18:30','WO','2','LG','1','패',NULL),('20190510HHLG0','2019','05','10','금','잠실','18:30','LG','2','HH','5','패',NULL),('20190511HHLG0','2019','05','11','토','잠실','17:00','LG','6','HH','4','승',NULL),('20190512HHLG0','2019','05','12','일','잠실','14:00','LG','2','HH','0','승',NULL),('20190514LGLT0','2019','05','14','화','사직','18:30','LT','4','LG','0','패',NULL),('20190515LGLT0','2019','05','15','수','사직','18:30','LT','8','LG','4','패',NULL),('20190516LGLT0','2019','05','16','목','사직','18:30','LT','2','LG','3','승',NULL),('20190517NCLG0','2019','05','17','금','잠실','18:30','LG','2','NC','13','패',NULL),('20190518NCLG0','2019','05','18','토','잠실','17:00','LG','3','NC','9','패',NULL),('20190519NCLG0','2019','05','19','일','잠실','14:00','LG',NULL,'NC',NULL,NULL,NULL),('20190521SKLG0','2019','05','21','화','잠실','18:30','LG','2','SK','4','패',NULL),('20190522SKLG0','2019','05','22','수','잠실','18:30','LG','0','SK','2','패',NULL),('20190523SKLG0','2019','05','23','목','잠실','18:30','LG','2','SK','1','승',NULL),('20190524LGLT0','2019','05','24','금','사직','18:30','LT','8','LG','5','패',NULL),('20190525LGLT0','2019','05','25','토','사직','17:00','LT','5','LG','6','승',NULL),('20190526LGLT0','2019','05','26','일','사직','14:00','LT','2','LG','11','승',NULL),('20190528LGWO0','2019','05','28','화','고척','18:30','WO','5','LG','0','패',NULL),('20190529LGWO0','2019','05','29','수','고척','18:30','WO','2','LG','4','승',NULL),('20190530LGWO0','2019','05','30','목','고척','18:30','WO','3','LG','6','승',NULL),('20190531NCLG0','2019','05','31','금','잠실','18:30','LG','3','NC','2','승',NULL),('20190601NCLG0','2019','06','01','토','잠실','17:00','LG','5','NC','1','승',NULL),('20190602NCLG0','2019','06','02','일','잠실','17:00','LG','1','NC','4','패',NULL),('20190604KTLG0','2019','06','04','화','잠실','18:30','LG','8','KT','4','승',NULL),('20190605KTLG0','2019','06','05','수','잠실','18:30','LG','9','KT','2','승',NULL),('20190606KTLG0','2019','06','06','목','잠실','14:00','LG','8','KT','7','승',NULL),('20190607LGHH0','2019','06','07','금','대전','18:30','HH','3','LG','2','패',NULL),('20190608LGHH0','2019','06','08','토','대전','17:00','HH','2','LG','3','승',NULL),('20190609LGHH0','2019','06','09','일','대전','17:00','HH','1','LG','3','승',NULL),('20190611LTLG0','2019','06','11','화','잠실','18:30','LG','1','LT','1','무승부',NULL),('20190612LTLG0','2019','06','12','수','잠실','18:30','LG','4','LT','3','승',NULL),('20190613LTLG0','2019','06','13','목','잠실','18:30','LG','4','LT','3','승',NULL),('20190614LGOB0','2019','06','14','금','잠실','18:30','OB','7','LG','4','패',NULL),('20190615LGOB0','2019','06','15','토','잠실','17:00','OB','3','LG','4','승',NULL),('20190616LGOB0','2019','06','16','일','잠실','17:00','OB','5','LG','3','패',NULL),('20190618LGSS0','2019','06','18','화','대구','18:30','SS','12','LG','5','패',NULL),('20190619LGSS0','2019','06','19','수','대구','18:30','SS','6','LG','9','승',NULL),('20190620LGSS0','2019','06','20','목','대구','18:30','SS','3','LG','11','승',NULL),('20190621HTLG0','2019','06','21','금','잠실','18:30','LG','9','HT','8','승',NULL),('20190622HTLG0','2019','06','22','토','잠실','17:00','LG','2','HT','3','패',NULL),('20190623HTLG0','2019','06','23','일','잠실','17:00','LG','0','HT','7','패',NULL),('20190625SKLG0','2019','06','25','화','잠실','18:30','LG','3','SK','8','패',NULL),('20190626SKLG0','2019','06','26','수','잠실','18:30','LG','4','SK','7','패',NULL),('20190627SKLG0','2019','06','27','목','잠실','18:30','LG','6','SK','4','승',NULL),('20190628LGNC0','2019','06','28','금','창원','19:00','NC','2','LG','6','승',NULL),('20190629LGNC0','2019','06','29','토','창원','17:00','NC',NULL,'LG',NULL,NULL,NULL),('20190630LGNC0','2019','06','30','일','창원','17:00','NC','9','LG','1','패',NULL),('20190702HHLG0','2019','07','02','화','잠실','18:30','LG','9','HH','2','승',NULL),('20190703HHLG0','2019','07','03','수','잠실','18:30','LG','6','HH','1','승',NULL),('20190704HHLG0','2019','07','04','목','잠실','18:30','LG','4','HH','3','승',NULL),('20190705LGHT0','2019','07','05','금','광주','18:30','HT','6','LG','1','패',NULL),('20190706LGHT0','2019','07','06','토','광주','18:00','HT','7','LG','0','패',NULL),('20190707LGHT0','2019','07','07','일','광주','18:00','HT','9','LG','10','승',NULL),('20190709OBLG0','2019','07','09','화','잠실','18:30','LG','4','OB','11','패',NULL),('20190710OBLG0','2019','07','10','수','잠실','18:30','LG',NULL,'OB',NULL,NULL,NULL),('20190711OBLG0','2019','07','11','목','잠실','18:30','LG','4','OB','8','패',NULL),('20190712SSLG0','2019','07','12','금','잠실','18:30','LG','3','SS','6','패',NULL),('20190713SSLG0','2019','07','13','토','잠실','18:00','LG','5','SS','3','승',NULL),('20190714SSLG0','2019','07','14','일','잠실','18:00','LG','2','SS','0','승',NULL),('20190716LGSK0','2019','07','16','화','문학','18:30','SK','10','LG','4','패',NULL),('20190717LGSK0','2019','07','17','수','문학','18:30','SK','8','LG','2','패',NULL),('20190718LGSK0','2019','07','18','목','문학','18:30','SK','5','LG','12','승',NULL),('20190726LGKT0','2019','07','26','금','수원','18:30','KT','0','LG','0','무승부',NULL),('20190727LGKT0','2019','07','27','토','수원','18:00','KT','2','LG','5','승',NULL),('20190728LGKT0','2019','07','28','일','수원','18:00','KT','1','LG','10','승',NULL),('20190730WOLG0','2019','07','30','화','잠실','18:30','LG','2','WO','4','패',NULL),('20190731WOLG0','2019','07','31','수','잠실','18:30','LG','0','WO','8','패',NULL),('20190801WOLG0','2019','08','01','목','잠실','18:30','LG','11','WO','5','승',NULL),('20190803SSLG0','2019','08','03','토','잠실','18:00','LG','13','SS','10','승',NULL),('20190804SSLG0','2019','08','04','일','잠실','17:00','LG','1','SS','2','패',NULL),('20190806LGHT0','2019','08','06','화','광주','18:30','HT','4','LG','17','승',NULL),('20190807LGHT0','2019','08','07','수','광주','18:30','HT','10','LG','5','패',NULL),('20190808LGNC0','2019','08','08','목','창원','18:30','NC','13','LG','2','패',NULL),('20190809LGNC0','2019','08','09','금','창원','19:00','NC','2','LG','5','승',NULL),('20190810SKLG0','2019','08','10','토','잠실','18:00','LG','0','SK','2','패',NULL),('20190811SKLG0','2019','08','11','일','잠실','17:00','LG','4','SK','3','승',NULL),('20190813WOLG0','2019','08','13','화','잠실','18:30','LG','8','WO','7','승',NULL),('20190814WOLG0','2019','08','14','수','잠실','18:30','LG','0','WO','14','패',NULL),('20190815LGOB0','2019','08','15','목','잠실','17:00','OB',NULL,'LG',NULL,NULL,NULL),('20190816LGOB0','2019','08','16','금','잠실','18:30','OB','7','LG','4','패',NULL),('20190817LGSS0','2019','08','17','토','대구','18:00','SS','7','LG','2','패',NULL),('20190818LGSS0','2019','08','18','일','대구','17:00','SS','1','LG','8','승',NULL),('20190820HTLG0','2019','08','20','화','잠실','18:30','LG','15','HT','3','승',NULL),('20190821HTLG0','2019','08','21','수','잠실','18:30','LG','6','HT','4','승',NULL),('20190822NCLG0','2019','08','22','목','잠실','18:30','LG','2','NC','5','패',NULL),('20190823NCLG0','2019','08','23','금','잠실','18:30','LG','8','NC','2','승',NULL),('20190824KTLG0','2019','08','24','토','잠실','18:00','LG','12','KT','8','승',NULL),('20190825KTLG0','2019','08','25','일','잠실','17:00','LG','3','KT','7','패',NULL),('20190827LGLT0','2019','08','27','화','울산','18:30','LT','1','LG','2','승',NULL),('20190828LGLT0','2019','08','28','수','울산','18:30','LT','4','LG','3','패',NULL),('20190829HHLG0','2019','08','29','목','잠실','18:30','LG','0','HH','0','무승부',NULL),('20190830HHLG0','2019','08','30','금','잠실','18:30','LG','0','HH','1','패',NULL),('20190831LGSK0','2019','08','31','토','문학','18:00','SK','4','LG','6','승',NULL),('20190901LGSK0','2019','09','01','일','문학','14:00','SK','9','LG','6','패',NULL),('20190903LGKT0','2019','09','03','화','수원','18:30','KT','0','LG','5','승',NULL),('20190904LGKT0','2019','09','04','수','수원','18:30','KT',NULL,'LG',NULL,NULL,NULL),('20190905LTLG0','2019','09','05','목','잠실','18:30','LG',NULL,'LT',NULL,NULL,NULL),('20190906LTLG0','2019','09','06','금','잠실','18:30','LG','5','LT','2','승',NULL),('20190907OBLG0','2019','09','07','토','잠실','17:00','LG',NULL,'OB',NULL,NULL,NULL),('20190908OBLG0','2019','09','08','일','잠실','14:00','LG','2','OB','1','승',NULL),('20190910LGHH0','2019','09','10','화','청주','18:30','HH','2','LG','5','승',NULL),('20190911LGHH0','2019','09','11','수','청주','18:30','HH','9','LG','5','패',NULL),('20190912LGWO0','2019','09','12','목','고척','17:00','WO','3','LG','2','패',NULL),('20190913LGWO0','2019','09','13','금','고척','14:00','WO','1','LG','4','승',NULL),('20190914HTLG0','2019','09','14','토','잠실','17:00','LG','7','HT','2','승',NULL),('20190915OBLG0','2019','09','15','일','잠실','14:00','LG','10','OB','4','승',NULL),('20190916LGKT0','2019','09','16','월','수원','18:30','KT','2','LG','4','승',NULL),('20190918LGSS0','2019','09','18','수','포항','18:30','SS','3','LG','4','승',NULL),('20190919LGNC0','2019','09','19','목','창원','18:30','NC','5','LG','3','패',NULL),('20190922LGOB0','2019','09','22','일','잠실','14:00','OB','3','LG','6','승',NULL),('20190923HHLG0','2019','09','23','월','잠실','18:30','LG','1','HH','9','패',NULL),('20190924SSLG0','2019','09','24','화','잠실','18:30','LG','2','SS','4','패',NULL),('20190926LGKT0','2019','09','26','목','수원','18:30','KT','3','LG','4','승',NULL),('20190927NCLG0','2019','09','27','금','잠실','18:30','LG','0','NC','3','패',NULL),('20190928LGHT0','2019','09','28','토','광주','17:00','HT','7','LG','1','패',NULL),('20190929OBLG0','2019','09','29','일','잠실','14:00','LG','0','OB','3','패',NULL),('20190930LTLG0','2019','09','30','월','잠실','18:30','LG','2','LT','0','승',NULL),('44441003NCLG0','2019','10','03','목','잠실','14:00','LG','3','NC','1','승',NULL),('33331006LGWO0','2019','10','06','일','고척','14:00','WO','1','LG','0','패',NULL),('33331007LGWO0','2019','10','07','월','고척','18:30','WO','5','LG','4','패',NULL),('33331009WOLG0','2019','10','09','수','잠실','14:00','LG','4','WO','2','승',NULL),('33331010WOLG0','2019','10','10','목','잠실','18:30','LG','5','WO','10','패',NULL),('20200314LGNC0','2020','03','14','토','창원','13:00','NC',NULL,'LG',NULL,NULL,NULL),('20200315LGNC0','2020','03','15','일','창원','13:00','NC',NULL,'LG',NULL,NULL,NULL),('20200316LGHT0','2020','03','16','월','광주','13:00','HT',NULL,'LG',NULL,NULL,NULL),('20200317LGHT0','2020','03','17','화','광주','13:00','HT',NULL,'LG',NULL,NULL,NULL),('20200319LTLG0','2020','03','19','목','잠실','13:00','LG',NULL,'LT',NULL,NULL,NULL),('20200320LTLG0','2020','03','20','금','잠실','13:00','LG',NULL,'LT',NULL,NULL,NULL),('20200321OBLG0','2020','03','21','토','잠실','13:00','LG',NULL,'OB',NULL,NULL,NULL),('20200322LGOB0','2020','03','22','일','잠실','13:00','OB',NULL,'LG',NULL,NULL,NULL),('20200323LGSK0','2020','03','23','월','문학','13:00','SK',NULL,'LG',NULL,NULL,NULL),('20200324LGSK0','2020','03','24','화','문학','13:00','SK',NULL,'LG',NULL,NULL,NULL),('20200421SSLG0','2020','04','21','화','잠실','18:30','LG',NULL,'SS',NULL,NULL,NULL),('20200422SSLG0','2020','04','22','수','잠실','18:30','LG',NULL,'SS',NULL,NULL,NULL),('20200423SSLG0','2020','04','23','목','잠실','18:30','LG',NULL,'SS',NULL,NULL,NULL),('20200424NCLG0','2020','04','24','금','잠실','18:30','LG',NULL,'NC',NULL,NULL,NULL),('20200425NCLG0','2020','04','25','토','잠실','17:00','LG',NULL,'NC',NULL,NULL,NULL),('20200426NCLG0','2020','04','26','일','잠실','14:00','LG',NULL,'NC',NULL,NULL,NULL),('20200428LGLT0','2020','04','28','화','사직','18:30','LT',NULL,'LG',NULL,NULL,NULL),('20200429LGLT0','2020','04','29','수','사직','18:30','LT',NULL,'LG',NULL,NULL,NULL),('20200430LGLT0','2020','04','30','목','사직','14:00','LT',NULL,'LG',NULL,NULL,NULL),('20200501HTLG0','2020','05','01','금','잠실','18:30','LG',NULL,'HT',NULL,NULL,NULL),('20200502HTLG0','2020','05','02','토','잠실','17:00','LG',NULL,'HT',NULL,NULL,NULL),('20200503HTLG0','2020','05','03','일','잠실','14:00','LG',NULL,'HT',NULL,NULL,NULL),('20200505OBLG0','2020','05','05','화','잠실','14:00','LG',NULL,'OB',NULL,NULL,NULL),('20200506OBLG0','2020','05','06','수','잠실','18:30','LG',NULL,'OB',NULL,NULL,NULL),('20200507OBLG0','2020','05','07','목','잠실','18:30','LG',NULL,'OB',NULL,NULL,NULL),('20200508LGNC0','2020','05','08','금','창원','18:30','NC',NULL,'LG',NULL,NULL,NULL),('20200509LGNC0','2020','05','09','토','창원','17:00','NC',NULL,'LG',NULL,NULL,NULL),('20200510LGNC0','2020','05','10','일','창원','14:00','NC',NULL,'LG',NULL,NULL,NULL),('20200512SKLG0','2020','05','12','화','잠실','18:30','LG',NULL,'SK',NULL,NULL,NULL),('20200513SKLG0','2020','05','13','수','잠실','18:30','LG',NULL,'SK',NULL,NULL,NULL),('20200514SKLG0','2020','05','14','목','잠실','18:30','LG',NULL,'SK',NULL,NULL,NULL),('20200515WOLG0','2020','05','15','금','잠실','18:30','LG',NULL,'WO',NULL,NULL,NULL),('20200516WOLG0','2020','05','16','토','잠실','17:00','LG',NULL,'WO',NULL,NULL,NULL),('20200517WOLG0','2020','05','17','일','잠실','14:00','LG',NULL,'WO',NULL,NULL,NULL),('20200519LGSS0','2020','05','19','화','대구','18:30','SS',NULL,'LG',NULL,NULL,NULL),('20200520LGSS0','2020','05','20','수','대구','18:30','SS',NULL,'LG',NULL,NULL,NULL),('20200521LGSS0','2020','05','21','목','대구','18:30','SS',NULL,'LG',NULL,NULL,NULL),('20200522KTLG0','2020','05','22','금','잠실','18:30','LG',NULL,'KT',NULL,NULL,NULL),('20200523KTLG0','2020','05','23','토','잠실','17:00','LG',NULL,'KT',NULL,NULL,NULL),('20200524KTLG0','2020','05','24','일','잠실','14:00','LG',NULL,'KT',NULL,NULL,NULL),('20200526LGHH0','2020','05','26','화','대전','18:30','HH',NULL,'LG',NULL,NULL,NULL),('20200527LGHH0','2020','05','27','수','대전','18:30','HH',NULL,'LG',NULL,NULL,NULL),('20200528LGHH0','2020','05','28','목','대전','18:30','HH',NULL,'LG',NULL,NULL,NULL),('20200529LGHT0','2020','05','29','금','광주','18:30','HT',NULL,'LG',NULL,NULL,NULL),('20200530LGHT0','2020','05','30','토','광주','17:00','HT',NULL,'LG',NULL,NULL,NULL),('20200531LGHT0','2020','05','31','일','광주','14:00','HT',NULL,'LG',NULL,NULL,NULL),('20200602SSLG0','2020','06','02','화','잠실','18:30','LG',NULL,'SS',NULL,NULL,NULL),('20200603SSLG0','2020','06','03','수','잠실','18:30','LG',NULL,'SS',NULL,NULL,NULL),('20200604SSLG0','2020','06','04','목','잠실','18:30','LG',NULL,'SS',NULL,NULL,NULL),('20200605LGWO0','2020','06','05','금','고척','18:30','WO',NULL,'LG',NULL,NULL,NULL),('20200606LGWO0','2020','06','06','토','고척','17:00','WO',NULL,'LG',NULL,NULL,NULL),('20200607LGWO0','2020','06','07','일','고척','17:00','WO',NULL,'LG',NULL,NULL,NULL),('20200609SKLG0','2020','06','09','화','잠실','18:30','LG',NULL,'SK',NULL,NULL,NULL),('20200610SKLG0','2020','06','10','수','잠실','18:30','LG',NULL,'SK',NULL,NULL,NULL),('20200611SKLG0','2020','06','11','목','잠실','18:30','LG',NULL,'SK',NULL,NULL,NULL),('20200612LTLG0','2020','06','12','금','잠실','18:30','LG',NULL,'LT',NULL,NULL,NULL),('20200613LTLG0','2020','06','13','토','잠실','17:00','LG',NULL,'LT',NULL,NULL,NULL),('20200614LTLG0','2020','06','14','일','잠실','17:00','LG',NULL,'LT',NULL,NULL,NULL),('20200616LGHH0','2020','06','16','화','대전','18:30','HH',NULL,'LG',NULL,NULL,NULL),('20200617LGHH0','2020','06','17','수','대전','18:30','HH',NULL,'LG',NULL,NULL,NULL),('20200618LGHH0','2020','06','18','목','대전','18:30','HH',NULL,'LG',NULL,NULL,NULL),('20200619OBLG0','2020','06','19','금','잠실','18:30','LG',NULL,'OB',NULL,NULL,NULL),('20200620OBLG0','2020','06','20','토','잠실','17:00','LG',NULL,'OB',NULL,NULL,NULL),('20200621OBLG0','2020','06','21','일','잠실','17:00','LG',NULL,'OB',NULL,NULL,NULL),('20200623WOLG0','2020','06','23','화','잠실','18:30','LG',NULL,'WO',NULL,NULL,NULL),('20200624WOLG0','2020','06','24','수','잠실','18:30','LG',NULL,'WO',NULL,NULL,NULL),('20200625WOLG0','2020','06','25','목','잠실','18:30','LG',NULL,'WO',NULL,NULL,NULL),('20200626LGSK0','2020','06','26','금','문학','18:30','SK',NULL,'LG',NULL,NULL,NULL),('20200627LGSK0','2020','06','27','토','문학','17:00','SK',NULL,'LG',NULL,NULL,NULL),('20200628LGSK0','2020','06','28','일','문학','17:00','SK',NULL,'LG',NULL,NULL,NULL),('20200630KTLG0','2020','06','30','화','잠실','18:30','LG',NULL,'KT',NULL,NULL,NULL),('20200701KTLG0','2020','07','01','수','잠실','18:30','LG',NULL,'KT',NULL,NULL,NULL),('20200702KTLG0','2020','07','02','목','잠실','18:30','LG',NULL,'KT',NULL,NULL,NULL),('20200703LGSS0','2020','07','03','금','대구','18:30','SS',NULL,'LG',NULL,NULL,NULL),('20200704LGSS0','2020','07','04','토','대구','18:00','SS',NULL,'LG',NULL,NULL,NULL),('20200705LGSS0','2020','07','05','일','대구','17:00','SS',NULL,'LG',NULL,NULL,NULL),('20200707LGOB0','2020','07','07','화','잠실','18:30','OB',NULL,'LG',NULL,NULL,NULL),('20200708LGOB0','2020','07','08','수','잠실','18:30','OB',NULL,'LG',NULL,NULL,NULL),('20200709LGOB0','2020','07','09','목','잠실','18:30','OB',NULL,'LG',NULL,NULL,NULL),('20200710NCLG0','2020','07','10','금','잠실','18:30','LG',NULL,'NC',NULL,NULL,NULL),('20200711NCLG0','2020','07','11','토','잠실','18:00','LG',NULL,'NC',NULL,NULL,NULL),('20200712NCLG0','2020','07','12','일','잠실','17:00','LG',NULL,'NC',NULL,NULL,NULL),('20200714LGLT0','2020','07','14','화','사직','18:30','LT',NULL,'LG',NULL,NULL,NULL),('20200715LGLT0','2020','07','15','수','사직','18:30','LT',NULL,'LG',NULL,NULL,NULL),('20200716LGLT0','2020','07','16','목','사직','18:30','LT',NULL,'LG',NULL,NULL,NULL),('20200717HHLG0','2020','07','17','금','잠실','18:30','LG',NULL,'HH',NULL,NULL,NULL),('20200718HHLG0','2020','07','18','토','잠실','18:00','LG',NULL,'HH',NULL,NULL,NULL),('20200719HHLG0','2020','07','19','일','잠실','17:00','LG',NULL,'HH',NULL,NULL,NULL),('20200721LGKT0','2020','07','21','화','수원','18:30','KT',NULL,'LG',NULL,NULL,NULL),('20200722LGKT0','2020','07','22','수','수원','18:30','KT',NULL,'LG',NULL,NULL,NULL),('20200723LGKT0','2020','07','23','목','수원','18:30','KT',NULL,'LG',NULL,NULL,NULL),('20200811HTLG0','2020','08','11','화','잠실','18:30','LG',NULL,'HT',NULL,NULL,NULL),('20200812HTLG0','2020','08','12','수','잠실','18:30','LG',NULL,'HT',NULL,NULL,NULL),('20200813HTLG0','2020','08','13','목','잠실','18:30','LG',NULL,'HT',NULL,NULL,NULL),('20200814LGNC0','2020','08','14','금','창원','18:30','NC',NULL,'LG',NULL,NULL,NULL),('20200815LGNC0','2020','08','15','토','창원','17:00','NC',NULL,'LG',NULL,NULL,NULL),('20200816LGNC0','2020','08','16','일','창원','17:00','NC',NULL,'LG',NULL,NULL,NULL),('20200819LGWO0','2020','08','19','수','고척','18:30','WO',NULL,'LG',NULL,NULL,NULL),('20200820LGWO0','2020','08','20','목','고척','18:30','WO',NULL,'LG',NULL,NULL,NULL),('20200821LGWO0','2020','08','21','금','고척','18:30','WO',NULL,'LG',NULL,NULL,NULL),('20200822HHLG0','2020','08','22','토','잠실','18:00','LG',NULL,'HH',NULL,NULL,NULL),('20200823HHLG0','2020','08','23','일','잠실','17:00','LG',NULL,'HH',NULL,NULL,NULL),('20200825LGSS0','2020','08','25','화','대구','18:30','SS',NULL,'LG',NULL,NULL,NULL),('20200826LGSS0','2020','08','26','수','대구','18:30','SS',NULL,'LG',NULL,NULL,NULL),('20200827KTLG0','2020','08','27','목','잠실','18:30','LG',NULL,'KT',NULL,NULL,NULL),('20200828KTLG0','2020','08','28','금','잠실','18:30','LG',NULL,'KT',NULL,NULL,NULL),('20200829OBLG0','2020','08','29','토','잠실','18:00','LG',NULL,'OB',NULL,NULL,NULL),('20200830OBLG0','2020','08','30','일','잠실','17:00','LG',NULL,'OB',NULL,NULL,NULL),('20200901LGSK0','2020','09','01','화','문학','18:30','SK',NULL,'LG',NULL,NULL,NULL),('20200902LGSK0','2020','09','02','수','문학','18:30','SK',NULL,'LG',NULL,NULL,NULL),('20200903NCLG0','2020','09','03','목','잠실','18:30','LG',NULL,'NC',NULL,NULL,NULL),('20200904NCLG0','2020','09','04','금','잠실','18:30','LG',NULL,'NC',NULL,NULL,NULL),('20200905LGLT0','2020','09','05','토','사직','17:00','LT',NULL,'LG',NULL,NULL,NULL),('20200906LGLT0','2020','09','06','일','사직','14:00','LT',NULL,'LG',NULL,NULL,NULL),('20200908LGHT0','2020','09','08','화','광주','18:30','HT',NULL,'LG',NULL,NULL,NULL),('20200909LGHT0','2020','09','09','수','광주','18:30','HT',NULL,'LG',NULL,NULL,NULL),('20200910WOLG0','2020','09','10','목','잠실','18:30','LG',NULL,'WO',NULL,NULL,NULL),('20200911WOLG0','2020','09','11','금','잠실','18:30','LG',NULL,'WO',NULL,NULL,NULL),('20200912SSLG0','2020','09','12','토','잠실','17:00','LG',NULL,'SS',NULL,NULL,NULL),('20200913SSLG0','2020','09','13','일','잠실','14:00','LG',NULL,'SS',NULL,NULL,NULL),('20200915LGHH0','2020','09','15','화','대전','18:30','HH',NULL,'LG',NULL,NULL,NULL),('20200916LGHH0','2020','09','16','수','대전','18:30','HH',NULL,'LG',NULL,NULL,NULL),('20200917LTLG0','2020','09','17','목','잠실','18:30','LG',NULL,'LT',NULL,NULL,NULL),('20200918LTLG0','2020','09','18','금','잠실','18:30','LG',NULL,'LT',NULL,NULL,NULL),('20200919LGOB0','2020','09','19','토','잠실','17:00','OB',NULL,'LG',NULL,NULL,NULL),('20200920LGOB0','2020','09','20','일','잠실','14:00','OB',NULL,'LG',NULL,NULL,NULL),('20200922SKLG0','2020','09','22','화','잠실','18:30','LG',NULL,'SK',NULL,NULL,NULL),('20200923SKLG0','2020','09','23','수','잠실','18:30','LG',NULL,'SK',NULL,NULL,NULL),('20200924LGNC0','2020','09','24','목','창원','18:30','NC',NULL,'LG',NULL,NULL,NULL),('20200925LGNC0','2020','09','25','금','창원','18:30','NC',NULL,'LG',NULL,NULL,NULL),('20200926LGKT0','2020','09','26','토','수원','17:00','KT',NULL,'LG',NULL,NULL,NULL),('20200927LGKT0','2020','09','27','일','수원','14:00','KT',NULL,'LG',NULL,NULL,NULL),('20200929HTLG0','2020','09','29','화','잠실','18:30','LG',NULL,'HT',NULL,NULL,NULL),('20200930HTLG0','2020','09','30','수','잠실','14:00','LG',NULL,'HT',NULL,NULL,NULL);
/*!40000 ALTER TABLE `game_info` ENABLE KEYS */;
UNLOCK TABLES;

--
-- Table structure for table `member`
--

DROP TABLE IF EXISTS `member`;
/*!40101 SET @saved_cs_client     = @@character_set_client */;
/*!40101 SET character_set_client = utf8 */;
CREATE TABLE `member` (
  `id` varchar(20) NOT NULL,
  `pw` varchar(20) NOT NULL,
  `name` varchar(20) NOT NULL,
  `tel` varchar(20) NOT NULL,
  `address` varchar(100) NOT NULL,
  `birth` varchar(20) NOT NULL,
  `gender` varchar(20) DEFAULT NULL
) ENGINE=InnoDB DEFAULT CHARSET=utf8;
/*!40101 SET character_set_client = @saved_cs_client */;

--
-- Dumping data for table `member`
--

LOCK TABLES `member` WRITE;
/*!40000 ALTER TABLE `member` DISABLE KEYS */;
INSERT INTO `member` VALUES ('bb','bb','이름bb','01099996666','제주도 제주시 연동','20000501',''),('gg','gg','gg','gg','서울특별시 gg','gg',''),('hong','1234','홍길동','01012341234','서울특별시 마포구 신촌로','20000801',''),('ll','ll','이름ll','01099999999','서울특별시 용산구 원효로1가','19901124',''),('nn','nn','nn','nn','서울특별시 nn','nn',''),('qq','q','이름qq','01033339999','서울특별시 동대문구 전농동','20101231','남자'),('zz','zz','이름zz','01055556666','광주광역시 ','19900101','여자'),('root','1234','홍길동','01012345678','서울특별시 마포구 신촌로','891013','남자');
/*!40000 ALTER TABLE `member` ENABLE KEYS */;
UNLOCK TABLES;

--
-- Table structure for table `notice`
--

DROP TABLE IF EXISTS `notice`;
/*!40101 SET @saved_cs_client     = @@character_set_client */;
/*!40101 SET character_set_client = utf8 */;
CREATE TABLE `notice` (
  `no` int(11) NOT NULL AUTO_INCREMENT,
  `title` varchar(100) NOT NULL,
  `content` varchar(500) NOT NULL,
  `date` varchar(20) NOT NULL,
  PRIMARY KEY (`no`)
) ENGINE=InnoDB AUTO_INCREMENT=4 DEFAULT CHARSET=utf8;
/*!40101 SET character_set_client = @saved_cs_client */;

--
-- Dumping data for table `notice`
--

LOCK TABLES `notice` WRITE;
/*!40000 ALTER TABLE `notice` DISABLE KEYS */;
INSERT INTO `notice` VALUES (1,'홈페이지 개설','안녕하세요.<br>LG트윈스입니다.<br><br>팬 여러분을 위해 홈페이지를 개설하였으니, 많은 이용 부탁드립니다.<br><br>감사합니다.','2020-04-01'),(2,'LG트윈스, 연습경기 생중계 실시','안녕하세요.<br>LG트윈스입니다.<br><br>LG트윈스 자체 청백전 생중계를 시작합니다.<br><br>차명석 단장, 임용수 캐스터의 특별 중계진으로 구성되었으며, LG트윈스 유튜브 채널에서 시청이 가능합니다.<br><br>감사합니다.','2020-04-02'),(3,'LG트윈스, ‘코로나19’ 극복을 위한 응원 캠페인 진행','코로나19 극복을 위한 “코로나19 OUT” 캠페인을 진행합니다.<br><br>LG트윈스 선수단은 직접 자필로 작성한 코로나 극복 응원 메시지를 적은 모자를 착용하고 훈련과 자체 청백전에 참가하며, 중계방송에 노출이 많이 되는 야구장 곳곳에는 코로나 바이러스 극복을 위한 응원 메시지도 부착 할 예정입니다.<br><br>감사합니다.','2020-04-03');
/*!40000 ALTER TABLE `notice` ENABLE KEYS */;
UNLOCK TABLES;

--
-- Table structure for table `order`
--

DROP TABLE IF EXISTS `order`;
/*!40101 SET @saved_cs_client     = @@character_set_client */;
/*!40101 SET character_set_client = utf8 */;
CREATE TABLE `order` (
  `no` int(100) NOT NULL AUTO_INCREMENT COMMENT '일련번호',
  `id` varchar(100) DEFAULT NULL COMMENT '아이디',
  `name` varchar(100) NOT NULL COMMENT '상품명',
  `size` varchar(100) NOT NULL COMMENT '사이즈',
  `price` varchar(100) NOT NULL COMMENT '가격',
  `count` int(100) NOT NULL COMMENT '수량',
  `allprice` varchar(100) NOT NULL COMMENT '총금액',
  `date` varchar(100) NOT NULL COMMENT '구매날짜',
  PRIMARY KEY (`no`)
) ENGINE=InnoDB AUTO_INCREMENT=2 DEFAULT CHARSET=utf8;
/*!40101 SET character_set_client = @saved_cs_client */;

--
-- Dumping data for table `order`
--

LOCK TABLES `order` WRITE;
/*!40000 ALTER TABLE `order` DISABLE KEYS */;
INSERT INTO `order` VALUES (1,'1','1','1','1',1,'1','1');
/*!40000 ALTER TABLE `order` ENABLE KEYS */;
UNLOCK TABLES;

--
-- Table structure for table `product`
--

DROP TABLE IF EXISTS `product`;
/*!40101 SET @saved_cs_client     = @@character_set_client */;
/*!40101 SET character_set_client = utf8 */;
CREATE TABLE `product` (
  `no` int(11) NOT NULL COMMENT '아이디',
  `name` varchar(100) NOT NULL COMMENT '상품',
  `price` varchar(100) NOT NULL COMMENT '가격'
) ENGINE=InnoDB DEFAULT CHARSET=utf8;
/*!40101 SET character_set_client = @saved_cs_client */;

--
-- Dumping data for table `product`
--

LOCK TABLES `product` WRITE;
/*!40000 ALTER TABLE `product` DISABLE KEYS */;
INSERT INTO `product` VALUES (1,'[LG트윈스] 프리미엄 유니폼 (홈)','89000'),(2,'[LG트윈스] 프리미엄 유니폼 (원정)','79000'),(3,'유광점퍼(동계)','128000'),(1,'[LG트윈스] 프리미엄 유니폼 (홈)','89000'),(2,'[LG트윈스] 프리미엄 유니폼 (원정)','79000'),(3,'유광점퍼(동계)','128000');
/*!40000 ALTER TABLE `product` ENABLE KEYS */;
UNLOCK TABLES;

--
-- Table structure for table `reply`
--

DROP TABLE IF EXISTS `reply`;
/*!40101 SET @saved_cs_client     = @@character_set_client */;
/*!40101 SET character_set_client = utf8 */;
CREATE TABLE `reply` (
  `no` int(11) NOT NULL AUTO_INCREMENT,
  `bbsno` int(11) NOT NULL,
  `content` varchar(500) NOT NULL,
  `writer` varchar(20) NOT NULL,
  `date` varchar(20) NOT NULL,
  PRIMARY KEY (`no`)
) ENGINE=InnoDB AUTO_INCREMENT=20 DEFAULT CHARSET=utf8;
/*!40101 SET character_set_client = @saved_cs_client */;

--
-- Dumping data for table `reply`
--

LOCK TABLES `reply` WRITE;
/*!40000 ALTER TABLE `reply` DISABLE KEYS */;
INSERT INTO `reply` VALUES (1,11,'댓글1','mm','2020-04-20'),(3,11,'댓글3','gg','2020-04-20'),(4,11,'댓글테스트<br/>줄바꿈<br/><br/>줄바꿈222<br/>이것도 수정','ll','2020-04-20'),(5,4,'추천 감사합니다~~<br/>꼭 읽어볼게요!!','ll','2020-04-20'),(7,11,'수정을 해보자<br/>수정<br/><br/>수정수정','ll','2020-04-20'),(8,7,'반갑습니다~~','qq','2020-04-20'),(10,3,'화이팅~~~','nn','2020-04-20'),(11,8,'드디어 시작이네요!!<br/>기대됩니다~~','nn','2020-04-20'),(12,7,'안녕하세요. 반갑습니다~~','hong','2020-04-21');
/*!40000 ALTER TABLE `reply` ENABLE KEYS */;
UNLOCK TABLES;

--
-- Dumping routines for database 'project02'
--
/*!40103 SET TIME_ZONE=@OLD_TIME_ZONE */;

/*!40101 SET SQL_MODE=@OLD_SQL_MODE */;
/*!40014 SET FOREIGN_KEY_CHECKS=@OLD_FOREIGN_KEY_CHECKS */;
/*!40014 SET UNIQUE_CHECKS=@OLD_UNIQUE_CHECKS */;
/*!40101 SET CHARACTER_SET_CLIENT=@OLD_CHARACTER_SET_CLIENT */;
/*!40101 SET CHARACTER_SET_RESULTS=@OLD_CHARACTER_SET_RESULTS */;
/*!40101 SET COLLATION_CONNECTION=@OLD_COLLATION_CONNECTION */;
/*!40111 SET SQL_NOTES=@OLD_SQL_NOTES */;

-- Dump completed on 2020-04-21 18:44:54
